MOVESRunID,iterationID,yearID,monthID,dayID,hourID,stateID,countyID,zoneID,linkID,sourceTypeID,regClassID,fuelTypeID,fuelSubTypeID,modelYearID,roadTypeID,SCC,engTechID,sectorID,hpID,activityTypeID,activity,activityMean,activitySigma
1,1,2020,NA,NA,NA,36,36109,NA,NA,61,47,9,NA,NA,1,NA,NA,NA,NA,6,0.011620700359344482,NA,NA
1,1,2020,NA,NA,NA,36,36109,NA,NA,53,47,9,NA,NA,1,NA,NA,NA,NA,6,0.005377539899200201,NA,NA
1,1,2020,NA,NA,NA,36,36109,NA,NA,53,46,9,NA,NA,1,NA,NA,NA,NA,6,1.3276799290906638e-4,NA,NA
1,1,2020,NA,NA,NA,36,36109,NA,NA,53,42,9,NA,NA,1,NA,NA,NA,NA,6,8.724739891476929e-4,NA,NA
1,1,2020,NA,NA,NA,36,36109,NA,NA,53,41,9,NA,NA,1,NA,NA,NA,NA,6,6.408690242096782e-4,NA,NA
1,1,2020,NA,NA,NA,36,36109,NA,NA,52,47,9,NA,NA,1,NA,NA,NA,NA,6,0.1207360029220581,NA,NA
1,1,2020,NA,NA,NA,36,36109,NA,NA,52,46,9,NA,NA,1,NA,NA,NA,NA,6,0.0029808899853378534,NA,NA
1,1,2020,NA,NA,NA,36,36109,NA,NA,52,42,9,NA,NA,1,NA,NA,NA,NA,6,0.01958869956433773,NA,NA
1,1,2020,NA,NA,NA,36,36109,NA,NA,52,41,9,NA,NA,1,NA,NA,NA,NA,6,0.014388700015842915,NA,NA
1,1,2020,NA,NA,NA,36,36109,NA,NA,51,47,9,NA,NA,1,NA,NA,NA,NA,6,0.00272527989000082,NA,NA
1,1,2020,NA,NA,NA,36,36109,NA,NA,43,47,9,NA,NA,1,NA,NA,NA,NA,6,0.025926100090146065,NA,NA
1,1,2020,NA,NA,NA,36,36109,NA,NA,43,46,9,NA,NA,1,NA,NA,NA,NA,6,0.03495429828763008,NA,NA
1,1,2020,NA,NA,NA,36,36109,NA,NA,42,48,9,NA,NA,1,NA,NA,NA,NA,6,0.23548400402069092,NA,NA
1,1,2020,NA,NA,NA,36,36109,NA,NA,41,47,9,NA,NA,1,NA,NA,NA,NA,6,0.5339000225067139,NA,NA
1,1,2020,NA,NA,NA,36,36109,NA,NA,32,30,9,NA,NA,1,NA,NA,NA,NA,6,2.4908900260925293,NA,NA
1,1,2020,NA,NA,NA,36,36109,NA,NA,31,30,9,NA,NA,1,NA,NA,NA,NA,6,16.91830062866211,NA,NA
1,1,2020,NA,NA,NA,36,36109,NA,NA,21,20,9,NA,NA,1,NA,NA,NA,NA,6,156.25,NA,NA
1,1,2020,NA,NA,NA,36,36109,NA,NA,32,30,5,NA,NA,1,NA,NA,NA,NA,6,9.1870698928833,NA,NA
1,1,2020,NA,NA,NA,36,36109,NA,NA,31,30,5,NA,NA,1,NA,NA,NA,NA,6,53.92210006713867,NA,NA
1,1,2020,NA,NA,NA,36,36109,NA,NA,21,20,5,NA,NA,1,NA,NA,NA,NA,6,12.25979995727539,NA,NA
1,1,2020,NA,NA,NA,36,36109,NA,NA,62,47,3,NA,NA,1,NA,NA,NA,NA,6,0.9709960222244263,NA,NA
1,1,2020,NA,NA,NA,36,36109,NA,NA,61,47,3,NA,NA,1,NA,NA,NA,NA,6,1.014930009841919,NA,NA
1,1,2020,NA,NA,NA,36,36109,NA,NA,54,47,3,NA,NA,1,NA,NA,NA,NA,6,7.08335021045059e-4,NA,NA
1,1,2020,NA,NA,NA,36,36109,NA,NA,53,47,3,NA,NA,1,NA,NA,NA,NA,6,0.2753719985485077,NA,NA
1,1,2020,NA,NA,NA,36,36109,NA,NA,52,47,3,NA,NA,1,NA,NA,NA,NA,6,6.182620048522949,NA,NA
1,1,2020,NA,NA,NA,36,36109,NA,NA,51,47,3,NA,NA,1,NA,NA,NA,NA,6,0.7277230024337769,NA,NA
1,1,2020,NA,NA,NA,36,36109,NA,NA,43,47,3,NA,NA,1,NA,NA,NA,NA,6,0.7631030082702637,NA,NA
1,1,2020,NA,NA,NA,36,36109,NA,NA,42,48,3,NA,NA,1,NA,NA,NA,NA,6,2.1588799953460693,NA,NA
1,1,2020,NA,NA,NA,36,36109,NA,NA,41,47,3,NA,NA,1,NA,NA,NA,NA,6,6.233799934387207,NA,NA
1,1,2020,NA,NA,NA,36,36109,NA,NA,62,49,2,NA,NA,1,NA,NA,NA,NA,6,5.392980098724365,NA,NA
1,1,2020,NA,NA,NA,36,36109,NA,NA,62,47,2,NA,NA,1,NA,NA,NA,NA,6,281.8819885253906,NA,NA
1,1,2020,NA,NA,NA,36,36109,NA,NA,62,46,2,NA,NA,1,NA,NA,NA,NA,6,6.254189968109131,NA,NA
1,1,2020,NA,NA,NA,36,36109,NA,NA,61,49,2,NA,NA,1,NA,NA,NA,NA,6,5.063479900360107,NA,NA
1,1,2020,NA,NA,NA,36,36109,NA,NA,61,47,2,NA,NA,1,NA,NA,NA,NA,6,186.94900512695312,NA,NA
1,1,2020,NA,NA,NA,36,36109,NA,NA,61,46,2,NA,NA,1,NA,NA,NA,NA,6,48.762001037597656,NA,NA
1,1,2020,NA,NA,NA,36,36109,NA,NA,54,47,2,NA,NA,1,NA,NA,NA,NA,6,15.615699768066406,NA,NA
1,1,2020,NA,NA,NA,36,36109,NA,NA,54,46,2,NA,NA,1,NA,NA,NA,NA,6,38.213600158691406,NA,NA
1,1,2020,NA,NA,NA,36,36109,NA,NA,54,42,2,NA,NA,1,NA,NA,NA,NA,6,2.9634299278259277,NA,NA
1,1,2020,NA,NA,NA,36,36109,NA,NA,54,41,2,NA,NA,1,NA,NA,NA,NA,6,8.851710319519043,NA,NA
1,1,2020,NA,NA,NA,36,36109,NA,NA,53,47,2,NA,NA,1,NA,NA,NA,NA,6,8.88677978515625,NA,NA
1,1,2020,NA,NA,NA,36,36109,NA,NA,53,46,2,NA,NA,1,NA,NA,NA,NA,6,11.670599937438965,NA,NA
1,1,2020,NA,NA,NA,36,36109,NA,NA,53,42,2,NA,NA,1,NA,NA,NA,NA,6,11.299099922180176,NA,NA
1,1,2020,NA,NA,NA,36,36109,NA,NA,53,41,2,NA,NA,1,NA,NA,NA,NA,6,29.040800094604492,NA,NA
1,1,2020,NA,NA,NA,36,36109,NA,NA,52,47,2,NA,NA,1,NA,NA,NA,NA,6,214.86500549316406,NA,NA
1,1,2020,NA,NA,NA,36,36109,NA,NA,52,46,2,NA,NA,1,NA,NA,NA,NA,6,274.635009765625,NA,NA
1,1,2020,NA,NA,NA,36,36109,NA,NA,52,42,2,NA,NA,1,NA,NA,NA,NA,6,278.12298583984375,NA,NA
1,1,2020,NA,NA,NA,36,36109,NA,NA,52,41,2,NA,NA,1,NA,NA,NA,NA,6,555.302001953125,NA,NA
1,1,2020,NA,NA,NA,36,36109,NA,NA,51,47,2,NA,NA,1,NA,NA,NA,NA,6,9.460350036621094,NA,NA
1,1,2020,NA,NA,NA,36,36109,NA,NA,51,46,2,NA,NA,1,NA,NA,NA,NA,6,2.5025999546051025,NA,NA
1,1,2020,NA,NA,NA,36,36109,NA,NA,51,42,2,NA,NA,1,NA,NA,NA,NA,6,0.04131520166993141,NA,NA
1,1,2020,NA,NA,NA,36,36109,NA,NA,43,47,2,NA,NA,1,NA,NA,NA,NA,6,5.512040138244629,NA,NA
1,1,2020,NA,NA,NA,36,36109,NA,NA,43,46,2,NA,NA,1,NA,NA,NA,NA,6,94.14689636230469,NA,NA
1,1,2020,NA,NA,NA,36,36109,NA,NA,43,42,2,NA,NA,1,NA,NA,NA,NA,6,1.6946699619293213,NA,NA
1,1,2020,NA,NA,NA,36,36109,NA,NA,43,41,2,NA,NA,1,NA,NA,NA,NA,6,0.13205599784851074,NA,NA
1,1,2020,NA,NA,NA,36,36109,NA,NA,42,48,2,NA,NA,1,NA,NA,NA,NA,6,13.192899703979492,NA,NA
1,1,2020,NA,NA,NA,36,36109,NA,NA,42,46,2,NA,NA,1,NA,NA,NA,NA,6,0.6014750003814697,NA,NA
1,1,2020,NA,NA,NA,36,36109,NA,NA,42,42,2,NA,NA,1,NA,NA,NA,NA,6,1.163949966430664,NA,NA
1,1,2020,NA,NA,NA,36,36109,NA,NA,41,47,2,NA,NA,1,NA,NA,NA,NA,6,44.29880142211914,NA,NA
1,1,2020,NA,NA,NA,36,36109,NA,NA,41,46,2,NA,NA,1,NA,NA,NA,NA,6,2.342600107192993,NA,NA
1,1,2020,NA,NA,NA,36,36109,NA,NA,41,42,2,NA,NA,1,NA,NA,NA,NA,6,4.657350063323975,NA,NA
1,1,2020,NA,NA,NA,36,36109,NA,NA,32,41,2,NA,NA,1,NA,NA,NA,NA,6,172.88099670410156,NA,NA
1,1,2020,NA,NA,NA,36,36109,NA,NA,32,30,2,NA,NA,1,NA,NA,NA,NA,6,15.814900398254395,NA,NA
1,1,2020,NA,NA,NA,36,36109,NA,NA,31,41,2,NA,NA,1,NA,NA,NA,NA,6,675,NA,NA
1,1,2020,NA,NA,NA,36,36109,NA,NA,31,30,2,NA,NA,1,NA,NA,NA,NA,6,120.96700286865234,NA,NA
1,1,2020,NA,NA,NA,36,36109,NA,NA,21,20,2,NA,NA,1,NA,NA,NA,NA,6,122.4749984741211,NA,NA
1,1,2020,NA,NA,NA,36,36109,NA,NA,61,47,1,NA,NA,1,NA,NA,NA,NA,6,0.00233704992569983,NA,NA
1,1,2020,NA,NA,NA,36,36109,NA,NA,61,46,1,NA,NA,1,NA,NA,NA,NA,6,0.029496900737285614,NA,NA
1,1,2020,NA,NA,NA,36,36109,NA,NA,54,47,1,NA,NA,1,NA,NA,NA,NA,6,0.009653500281274319,NA,NA
1,1,2020,NA,NA,NA,36,36109,NA,NA,54,46,1,NA,NA,1,NA,NA,NA,NA,6,41.59080123901367,NA,NA
1,1,2020,NA,NA,NA,36,36109,NA,NA,54,42,1,NA,NA,1,NA,NA,NA,NA,6,72.867401123046875,NA,NA
1,1,2020,NA,NA,NA,36,36109,NA,NA,54,41,1,NA,NA,1,NA,NA,NA,NA,6,7.353789806365967,NA,NA
1,1,2020,NA,NA,NA,36,36109,NA,NA,53,47,1,NA,NA,1,NA,NA,NA,NA,6,0.004490070044994354,NA,NA
1,1,2020,NA,NA,NA,36,36109,NA,NA,53,46,1,NA,NA,1,NA,NA,NA,NA,6,1.8878300189971924,NA,NA
1,1,2020,NA,NA,NA,36,36109,NA,NA,53,42,1,NA,NA,1,NA,NA,NA,NA,6,7.3959197998046875,NA,NA
1,1,2020,NA,NA,NA,36,36109,NA,NA,53,41,1,NA,NA,1,NA,NA,NA,NA,6,12.717599868774414,NA,NA
1,1,2020,NA,NA,NA,36,36109,NA,NA,52,47,1,NA,NA,1,NA,NA,NA,NA,6,0.10743500292301178,NA,NA
1,1,2020,NA,NA,NA,36,36109,NA,NA,52,46,1,NA,NA,1,NA,NA,NA,NA,6,44.77429962158203,NA,NA
1,1,2020,NA,NA,NA,36,36109,NA,NA,52,42,1,NA,NA,1,NA,NA,NA,NA,6,175.62600708007812,NA,NA
1,1,2020,NA,NA,NA,36,36109,NA,NA,52,41,1,NA,NA,1,NA,NA,NA,NA,6,317.89801025390625,NA,NA
1,1,2020,NA,NA,NA,36,36109,NA,NA,51,47,1,NA,NA,1,NA,NA,NA,NA,6,0.0018468699418008327,NA,NA
1,1,2020,NA,NA,NA,36,36109,NA,NA,51,46,1,NA,NA,1,NA,NA,NA,NA,6,0.025765400379896164,NA,NA
1,1,2020,NA,NA,NA,36,36109,NA,NA,51,42,1,NA,NA,1,NA,NA,NA,NA,6,0.23854200541973114,NA,NA
1,1,2020,NA,NA,NA,36,36109,NA,NA,51,41,1,NA,NA,1,NA,NA,NA,NA,6,0.00818318035453558,NA,NA
1,1,2020,NA,NA,NA,36,36109,NA,NA,43,47,1,NA,NA,1,NA,NA,NA,NA,6,0.038585398346185684,NA,NA
1,1,2020,NA,NA,NA,36,36109,NA,NA,43,46,1,NA,NA,1,NA,NA,NA,NA,6,2.76203989982605,NA,NA
1,1,2020,NA,NA,NA,36,36109,NA,NA,43,42,1,NA,NA,1,NA,NA,NA,NA,6,3.1577000617980957,NA,NA
1,1,2020,NA,NA,NA,36,36109,NA,NA,43,41,1,NA,NA,1,NA,NA,NA,NA,6,0.009053009562194347,NA,NA
1,1,2020,NA,NA,NA,36,36109,NA,NA,42,47,1,NA,NA,1,NA,NA,NA,NA,6,0.005779829807579517,NA,NA
1,1,2020,NA,NA,NA,36,36109,NA,NA,42,46,1,NA,NA,1,NA,NA,NA,NA,6,0.0038785499054938555,NA,NA
1,1,2020,NA,NA,NA,36,36109,NA,NA,42,42,1,NA,NA,1,NA,NA,NA,NA,6,4.908339977264404,NA,NA
1,1,2020,NA,NA,NA,36,36109,NA,NA,41,47,1,NA,NA,1,NA,NA,NA,NA,6,0.040381599217653275,NA,NA
1,1,2020,NA,NA,NA,36,36109,NA,NA,41,46,1,NA,NA,1,NA,NA,NA,NA,6,0.01754329912364483,NA,NA
1,1,2020,NA,NA,NA,36,36109,NA,NA,41,42,1,NA,NA,1,NA,NA,NA,NA,6,12.785699844360352,NA,NA
1,1,2020,NA,NA,NA,36,36109,NA,NA,32,41,1,NA,NA,1,NA,NA,NA,NA,6,531.4110107421875,NA,NA
1,1,2020,NA,NA,NA,36,36109,NA,NA,32,30,1,NA,NA,1,NA,NA,NA,NA,6,2253.010009765625,NA,NA
1,1,2020,NA,NA,NA,36,36109,NA,NA,31,41,1,NA,NA,1,NA,NA,NA,NA,6,683.58502197265625,NA,NA
1,1,2020,NA,NA,NA,36,36109,NA,NA,31,30,1,NA,NA,1,NA,NA,NA,NA,6,26159.599609375,NA,NA
1,1,2020,NA,NA,NA,36,36109,NA,NA,21,20,1,NA,NA,1,NA,NA,NA,NA,6,22359.19921875,NA,NA
1,1,2020,NA,NA,NA,36,36109,NA,NA,11,10,1,NA,NA,1,NA,NA,NA,NA,6,1815.510009765625,NA,NA
1,1,2020,NA,NA,NA,36,36109,NA,NA,61,47,9,NA,NA,1,NA,NA,NA,NA,7,36.94260025024414,NA,NA
1,1,2020,NA,NA,NA,36,36109,NA,NA,53,47,9,NA,NA,1,NA,NA,NA,NA,7,4.814519882202148,NA,NA
1,1,2020,NA,NA,NA,36,36109,NA,NA,53,46,9,NA,NA,1,NA,NA,NA,NA,7,0.12039899826049805,NA,NA
1,1,2020,NA,NA,NA,36,36109,NA,NA,53,42,9,NA,NA,1,NA,NA,NA,NA,7,0.7745339870452881,NA,NA
1,1,2020,NA,NA,NA,36,36109,NA,NA,53,41,9,NA,NA,1,NA,NA,NA,NA,7,0.3246920108795166,NA,NA
1,1,2020,NA,NA,NA,36,36109,NA,NA,52,47,9,NA,NA,1,NA,NA,NA,NA,7,1141.5699462890625,NA,NA
1,1,2020,NA,NA,NA,36,36109,NA,NA,52,46,9,NA,NA,1,NA,NA,NA,NA,7,28.504199981689453,NA,NA
1,1,2020,NA,NA,NA,36,36109,NA,NA,52,42,9,NA,NA,1,NA,NA,NA,NA,7,183.83900451660156,NA,NA
1,1,2020,NA,NA,NA,36,36109,NA,NA,52,41,9,NA,NA,1,NA,NA,NA,NA,7,84.1084976196289,NA,NA
1,1,2020,NA,NA,NA,36,36109,NA,NA,51,47,9,NA,NA,1,NA,NA,NA,NA,7,1.8910599946975708,NA,NA
1,1,2020,NA,NA,NA,36,36109,NA,NA,43,47,9,NA,NA,1,NA,NA,NA,NA,7,32.57929992675781,NA,NA
1,1,2020,NA,NA,NA,36,36109,NA,NA,43,46,9,NA,NA,1,NA,NA,NA,NA,7,44.80339813232422,NA,NA
1,1,2020,NA,NA,NA,36,36109,NA,NA,42,48,9,NA,NA,1,NA,NA,NA,NA,7,561.698974609375,NA,NA
1,1,2020,NA,NA,NA,36,36109,NA,NA,41,47,9,NA,NA,1,NA,NA,NA,NA,7,1203.3699951171875,NA,NA
1,1,2020,NA,NA,NA,36,36109,NA,NA,32,30,9,NA,NA,1,NA,NA,NA,NA,7,4360.06005859375,NA,NA
1,1,2020,NA,NA,NA,36,36109,NA,NA,31,30,9,NA,NA,1,NA,NA,NA,NA,7,27743,NA,NA
1,1,2020,NA,NA,NA,36,36109,NA,NA,21,20,9,NA,NA,1,NA,NA,NA,NA,7,264248,NA,NA
1,1,2020,NA,NA,NA,36,36109,NA,NA,32,30,5,NA,NA,1,NA,NA,NA,NA,7,14673,NA,NA
1,1,2020,NA,NA,NA,36,36109,NA,NA,31,30,5,NA,NA,1,NA,NA,NA,NA,7,73765.796875,NA,NA
1,1,2020,NA,NA,NA,36,36109,NA,NA,21,20,5,NA,NA,1,NA,NA,NA,NA,7,17590.19921875,NA,NA
1,1,2020,NA,NA,NA,36,36109,NA,NA,62,47,3,NA,NA,1,NA,NA,NA,NA,7,329.02801513671875,NA,NA
1,1,2020,NA,NA,NA,36,36109,NA,NA,61,47,3,NA,NA,1,NA,NA,NA,NA,7,2525.8798828125,NA,NA
1,1,2020,NA,NA,NA,36,36109,NA,NA,54,47,3,NA,NA,1,NA,NA,NA,NA,7,0.1073710024356842,NA,NA
1,1,2020,NA,NA,NA,36,36109,NA,NA,53,47,3,NA,NA,1,NA,NA,NA,NA,7,201.62600708007812,NA,NA
1,1,2020,NA,NA,NA,36,36109,NA,NA,52,47,3,NA,NA,1,NA,NA,NA,NA,7,49038.3984375,NA,NA
1,1,2020,NA,NA,NA,36,36109,NA,NA,51,47,3,NA,NA,1,NA,NA,NA,NA,7,473.50299072265625,NA,NA
1,1,2020,NA,NA,NA,36,36109,NA,NA,43,47,3,NA,NA,1,NA,NA,NA,NA,7,810.677001953125,NA,NA
1,1,2020,NA,NA,NA,36,36109,NA,NA,42,48,3,NA,NA,1,NA,NA,NA,NA,7,4829.02001953125,NA,NA
1,1,2020,NA,NA,NA,36,36109,NA,NA,41,47,3,NA,NA,1,NA,NA,NA,NA,7,12299.7001953125,NA,NA
1,1,2020,NA,NA,NA,36,36109,NA,NA,62,49,2,NA,NA,1,NA,NA,NA,NA,7,1660.719970703125,NA,NA
1,1,2020,NA,NA,NA,36,36109,NA,NA,62,47,2,NA,NA,1,NA,NA,NA,NA,7,60998.30078125,NA,NA
1,1,2020,NA,NA,NA,36,36109,NA,NA,62,46,2,NA,NA,1,NA,NA,NA,NA,7,1301.760009765625,NA,NA
1,1,2020,NA,NA,NA,36,36109,NA,NA,61,49,2,NA,NA,1,NA,NA,NA,NA,7,13490.7998046875,NA,NA
1,1,2020,NA,NA,NA,36,36109,NA,NA,61,47,2,NA,NA,1,NA,NA,NA,NA,7,276956,NA,NA
1,1,2020,NA,NA,NA,36,36109,NA,NA,61,46,2,NA,NA,1,NA,NA,NA,NA,7,83925.3984375,NA,NA
1,1,2020,NA,NA,NA,36,36109,NA,NA,54,47,2,NA,NA,1,NA,NA,NA,NA,7,2691.06005859375,NA,NA
1,1,2020,NA,NA,NA,36,36109,NA,NA,54,46,2,NA,NA,1,NA,NA,NA,NA,7,6083.08984375,NA,NA
1,1,2020,NA,NA,NA,36,36109,NA,NA,54,42,2,NA,NA,1,NA,NA,NA,NA,7,424.8429870605469,NA,NA
1,1,2020,NA,NA,NA,36,36109,NA,NA,54,41,2,NA,NA,1,NA,NA,NA,NA,7,1692.260009765625,NA,NA
1,1,2020,NA,NA,NA,36,36109,NA,NA,53,47,2,NA,NA,1,NA,NA,NA,NA,7,3252.489990234375,NA,NA
1,1,2020,NA,NA,NA,36,36109,NA,NA,53,46,2,NA,NA,1,NA,NA,NA,NA,7,4670.02978515625,NA,NA
1,1,2020,NA,NA,NA,36,36109,NA,NA,53,42,2,NA,NA,1,NA,NA,NA,NA,7,6150.4599609375,NA,NA
1,1,2020,NA,NA,NA,36,36109,NA,NA,53,41,2,NA,NA,1,NA,NA,NA,NA,7,12845.7001953125,NA,NA
1,1,2020,NA,NA,NA,36,36109,NA,NA,52,47,2,NA,NA,1,NA,NA,NA,NA,7,833046,NA,NA
1,1,2020,NA,NA,NA,36,36109,NA,NA,52,46,2,NA,NA,1,NA,NA,NA,NA,7,1195790,NA,NA
1,1,2020,NA,NA,NA,36,36109,NA,NA,52,42,2,NA,NA,1,NA,NA,NA,NA,7,1567570,NA,NA
1,1,2020,NA,NA,NA,36,36109,NA,NA,52,41,2,NA,NA,1,NA,NA,NA,NA,7,3124320,NA,NA
1,1,2020,NA,NA,NA,36,36109,NA,NA,51,47,2,NA,NA,1,NA,NA,NA,NA,7,4112.2998046875,NA,NA
1,1,2020,NA,NA,NA,36,36109,NA,NA,51,46,2,NA,NA,1,NA,NA,NA,NA,7,1092.3599853515625,NA,NA
1,1,2020,NA,NA,NA,36,36109,NA,NA,51,42,2,NA,NA,1,NA,NA,NA,NA,7,3.5592401027679443,NA,NA
1,1,2020,NA,NA,NA,36,36109,NA,NA,43,47,2,NA,NA,1,NA,NA,NA,NA,7,5321.6298828125,NA,NA
1,1,2020,NA,NA,NA,36,36109,NA,NA,43,46,2,NA,NA,1,NA,NA,NA,NA,7,90039,NA,NA
1,1,2020,NA,NA,NA,36,36109,NA,NA,43,42,2,NA,NA,1,NA,NA,NA,NA,7,1534.02001953125,NA,NA
1,1,2020,NA,NA,NA,36,36109,NA,NA,43,41,2,NA,NA,1,NA,NA,NA,NA,7,76.80760192871094,NA,NA
1,1,2020,NA,NA,NA,36,36109,NA,NA,42,48,2,NA,NA,1,NA,NA,NA,NA,7,28384.69921875,NA,NA
1,1,2020,NA,NA,NA,36,36109,NA,NA,42,46,2,NA,NA,1,NA,NA,NA,NA,7,1200.0999755859375,NA,NA
1,1,2020,NA,NA,NA,36,36109,NA,NA,42,42,2,NA,NA,1,NA,NA,NA,NA,7,2146.68994140625,NA,NA
1,1,2020,NA,NA,NA,36,36109,NA,NA,41,47,2,NA,NA,1,NA,NA,NA,NA,7,80542.3984375,NA,NA
1,1,2020,NA,NA,NA,36,36109,NA,NA,41,46,2,NA,NA,1,NA,NA,NA,NA,7,3995.550048828125,NA,NA
1,1,2020,NA,NA,NA,36,36109,NA,NA,41,42,2,NA,NA,1,NA,NA,NA,NA,7,7687.7998046875,NA,NA
1,1,2020,NA,NA,NA,36,36109,NA,NA,32,41,2,NA,NA,1,NA,NA,NA,NA,7,247392,NA,NA
1,1,2020,NA,NA,NA,36,36109,NA,NA,32,30,2,NA,NA,1,NA,NA,NA,NA,7,19893.099609375,NA,NA
1,1,2020,NA,NA,NA,36,36109,NA,NA,31,41,2,NA,NA,1,NA,NA,NA,NA,7,827963,NA,NA
1,1,2020,NA,NA,NA,36,36109,NA,NA,31,30,2,NA,NA,1,NA,NA,NA,NA,7,147076,NA,NA
1,1,2020,NA,NA,NA,36,36109,NA,NA,21,20,2,NA,NA,1,NA,NA,NA,NA,7,170792,NA,NA
1,1,2020,NA,NA,NA,36,36109,NA,NA,61,47,1,NA,NA,1,NA,NA,NA,NA,7,1.3291599750518799,NA,NA
1,1,2020,NA,NA,NA,36,36109,NA,NA,61,46,1,NA,NA,1,NA,NA,NA,NA,7,4.97422981262207,NA,NA
1,1,2020,NA,NA,NA,36,36109,NA,NA,54,47,1,NA,NA,1,NA,NA,NA,NA,7,1.7523800134658813,NA,NA
1,1,2020,NA,NA,NA,36,36109,NA,NA,54,46,1,NA,NA,1,NA,NA,NA,NA,7,6915.43994140625,NA,NA
1,1,2020,NA,NA,NA,36,36109,NA,NA,54,42,1,NA,NA,1,NA,NA,NA,NA,7,11091.099609375,NA,NA
1,1,2020,NA,NA,NA,36,36109,NA,NA,54,41,1,NA,NA,1,NA,NA,NA,NA,7,1405.030029296875,NA,NA
1,1,2020,NA,NA,NA,36,36109,NA,NA,53,47,1,NA,NA,1,NA,NA,NA,NA,7,0.9897419810295105,NA,NA
1,1,2020,NA,NA,NA,36,36109,NA,NA,53,46,1,NA,NA,1,NA,NA,NA,NA,7,836.7020263671875,NA,NA
1,1,2020,NA,NA,NA,36,36109,NA,NA,53,42,1,NA,NA,1,NA,NA,NA,NA,7,3583.64990234375,NA,NA
1,1,2020,NA,NA,NA,36,36109,NA,NA,53,41,1,NA,NA,1,NA,NA,NA,NA,7,6140.7900390625,NA,NA
1,1,2020,NA,NA,NA,36,36109,NA,NA,52,47,1,NA,NA,1,NA,NA,NA,NA,7,311.2149963378906,NA,NA
1,1,2020,NA,NA,NA,36,36109,NA,NA,52,46,1,NA,NA,1,NA,NA,NA,NA,7,200463,NA,NA
1,1,2020,NA,NA,NA,36,36109,NA,NA,52,42,1,NA,NA,1,NA,NA,NA,NA,7,900857,NA,NA
1,1,2020,NA,NA,NA,36,36109,NA,NA,52,41,1,NA,NA,1,NA,NA,NA,NA,7,1525470,NA,NA
1,1,2020,NA,NA,NA,36,36109,NA,NA,51,47,1,NA,NA,1,NA,NA,NA,NA,7,0.7087000012397766,NA,NA
1,1,2020,NA,NA,NA,36,36109,NA,NA,51,46,1,NA,NA,1,NA,NA,NA,NA,7,6.607210159301758,NA,NA
1,1,2020,NA,NA,NA,36,36109,NA,NA,51,42,1,NA,NA,1,NA,NA,NA,NA,7,29.602100372314453,NA,NA
1,1,2020,NA,NA,NA,36,36109,NA,NA,51,41,1,NA,NA,1,NA,NA,NA,NA,7,1.0466300249099731,NA,NA
1,1,2020,NA,NA,NA,36,36109,NA,NA,43,47,1,NA,NA,1,NA,NA,NA,NA,7,20.81399917602539,NA,NA
1,1,2020,NA,NA,NA,36,36109,NA,NA,43,46,1,NA,NA,1,NA,NA,NA,NA,7,2730.239990234375,NA,NA
1,1,2020,NA,NA,NA,36,36109,NA,NA,43,42,1,NA,NA,1,NA,NA,NA,NA,7,3577.75,NA,NA
1,1,2020,NA,NA,NA,36,36109,NA,NA,43,41,1,NA,NA,1,NA,NA,NA,NA,7,4.883430004119873,NA,NA
1,1,2020,NA,NA,NA,36,36109,NA,NA,42,47,1,NA,NA,1,NA,NA,NA,NA,7,12.180100440979004,NA,NA
1,1,2020,NA,NA,NA,36,36109,NA,NA,42,46,1,NA,NA,1,NA,NA,NA,NA,7,6.743929862976074,NA,NA
1,1,2020,NA,NA,NA,36,36109,NA,NA,42,42,1,NA,NA,1,NA,NA,NA,NA,7,10882.7998046875,NA,NA
1,1,2020,NA,NA,NA,36,36109,NA,NA,41,47,1,NA,NA,1,NA,NA,NA,NA,7,54.61470031738281,NA,NA
1,1,2020,NA,NA,NA,36,36109,NA,NA,41,46,1,NA,NA,1,NA,NA,NA,NA,7,26.561199188232422,NA,NA
1,1,2020,NA,NA,NA,36,36109,NA,NA,41,42,1,NA,NA,1,NA,NA,NA,NA,7,26202.099609375,NA,NA
1,1,2020,NA,NA,NA,36,36109,NA,NA,32,41,1,NA,NA,1,NA,NA,NA,NA,7,738436,NA,NA
1,1,2020,NA,NA,NA,36,36109,NA,NA,32,30,1,NA,NA,1,NA,NA,NA,NA,7,3388370,NA,NA
1,1,2020,NA,NA,NA,36,36109,NA,NA,31,41,1,NA,NA,1,NA,NA,NA,NA,7,712312,NA,NA
1,1,2020,NA,NA,NA,36,36109,NA,NA,31,30,1,NA,NA,1,NA,NA,NA,NA,7,33727800,NA,NA
1,1,2020,NA,NA,NA,36,36109,NA,NA,21,20,1,NA,NA,1,NA,NA,NA,NA,7,29871300,NA,NA
1,1,2020,NA,NA,NA,36,36109,NA,NA,11,10,1,NA,NA,1,NA,NA,NA,NA,7,100316,NA,NA
1,1,2020,NA,NA,NA,36,36109,NA,NA,61,47,9,NA,NA,5,NA,NA,NA,NA,4,5.71681022644043,NA,NA
1,1,2020,NA,NA,NA,36,36109,NA,NA,53,47,9,NA,NA,5,NA,NA,NA,NA,4,2.037440061569214,NA,NA
1,1,2020,NA,NA,NA,36,36109,NA,NA,53,46,9,NA,NA,5,NA,NA,NA,NA,4,0.05095129832625389,NA,NA
1,1,2020,NA,NA,NA,36,36109,NA,NA,53,42,9,NA,NA,5,NA,NA,NA,NA,4,0.32777199149131775,NA,NA
1,1,2020,NA,NA,NA,36,36109,NA,NA,53,41,9,NA,NA,5,NA,NA,NA,NA,4,0.13740600645542145,NA,NA
1,1,2020,NA,NA,NA,36,36109,NA,NA,52,47,9,NA,NA,5,NA,NA,NA,NA,4,32.042701721191406,NA,NA
1,1,2020,NA,NA,NA,36,36109,NA,NA,52,46,9,NA,NA,5,NA,NA,NA,NA,4,0.8000800013542175,NA,NA
1,1,2020,NA,NA,NA,36,36109,NA,NA,52,42,9,NA,NA,5,NA,NA,NA,NA,4,5.160140037536621,NA,NA
1,1,2020,NA,NA,NA,36,36109,NA,NA,52,41,9,NA,NA,5,NA,NA,NA,NA,4,2.3608200550079346,NA,NA
1,1,2020,NA,NA,NA,36,36109,NA,NA,51,47,9,NA,NA,5,NA,NA,NA,NA,4,0.9689090251922607,NA,NA
1,1,2020,NA,NA,NA,36,36109,NA,NA,43,47,9,NA,NA,5,NA,NA,NA,NA,4,3.368030071258545,NA,NA
1,1,2020,NA,NA,NA,36,36109,NA,NA,43,46,9,NA,NA,5,NA,NA,NA,NA,4,4.631760120391846,NA,NA
1,1,2020,NA,NA,NA,36,36109,NA,NA,42,48,9,NA,NA,5,NA,NA,NA,NA,4,97.0813980102539,NA,NA
1,1,2020,NA,NA,NA,36,36109,NA,NA,41,47,9,NA,NA,5,NA,NA,NA,NA,4,216.625,NA,NA
1,1,2020,NA,NA,NA,36,36109,NA,NA,32,30,9,NA,NA,5,NA,NA,NA,NA,4,503.8299865722656,NA,NA
1,1,2020,NA,NA,NA,36,36109,NA,NA,31,30,9,NA,NA,5,NA,NA,NA,NA,4,2939.52001953125,NA,NA
1,1,2020,NA,NA,NA,36,36109,NA,NA,21,20,9,NA,NA,5,NA,NA,NA,NA,4,31112.5,NA,NA
1,1,2020,NA,NA,NA,36,36109,NA,NA,32,30,5,NA,NA,5,NA,NA,NA,NA,4,1700.8699951171875,NA,NA
1,1,2020,NA,NA,NA,36,36109,NA,NA,31,30,5,NA,NA,5,NA,NA,NA,NA,4,7904.16015625,NA,NA
1,1,2020,NA,NA,NA,36,36109,NA,NA,21,20,5,NA,NA,5,NA,NA,NA,NA,4,2059.97998046875,NA,NA
1,1,2020,NA,NA,NA,36,36109,NA,NA,62,47,3,NA,NA,5,NA,NA,NA,NA,4,759.73699951171875,NA,NA
1,1,2020,NA,NA,NA,36,36109,NA,NA,61,47,3,NA,NA,5,NA,NA,NA,NA,4,390.8760070800781,NA,NA
1,1,2020,NA,NA,NA,36,36109,NA,NA,54,47,3,NA,NA,5,NA,NA,NA,NA,4,0.03833850100636482,NA,NA
1,1,2020,NA,NA,NA,36,36109,NA,NA,53,47,3,NA,NA,5,NA,NA,NA,NA,4,85.32540130615234,NA,NA
1,1,2020,NA,NA,NA,36,36109,NA,NA,52,47,3,NA,NA,5,NA,NA,NA,NA,4,1376.449951171875,NA,NA
1,1,2020,NA,NA,NA,36,36109,NA,NA,51,47,3,NA,NA,5,NA,NA,NA,NA,4,242.60499572753906,NA,NA
1,1,2020,NA,NA,NA,36,36109,NA,NA,43,47,3,NA,NA,5,NA,NA,NA,NA,4,83.807403564453125,NA,NA
1,1,2020,NA,NA,NA,36,36109,NA,NA,42,48,3,NA,NA,5,NA,NA,NA,NA,4,834.625,NA,NA
1,1,2020,NA,NA,NA,36,36109,NA,NA,41,47,3,NA,NA,5,NA,NA,NA,NA,4,2214.1298828125,NA,NA
1,1,2020,NA,NA,NA,36,36109,NA,NA,62,49,2,NA,NA,5,NA,NA,NA,NA,4,3834.669921875,NA,NA
1,1,2020,NA,NA,NA,36,36109,NA,NA,62,47,2,NA,NA,5,NA,NA,NA,NA,4,140847,NA,NA
1,1,2020,NA,NA,NA,36,36109,NA,NA,62,46,2,NA,NA,5,NA,NA,NA,NA,4,3005.820068359375,NA,NA
1,1,2020,NA,NA,NA,36,36109,NA,NA,61,49,2,NA,NA,5,NA,NA,NA,NA,4,2087.679931640625,NA,NA
1,1,2020,NA,NA,NA,36,36109,NA,NA,61,47,2,NA,NA,5,NA,NA,NA,NA,4,42858.5,NA,NA
1,1,2020,NA,NA,NA,36,36109,NA,NA,61,46,2,NA,NA,5,NA,NA,NA,NA,4,12987.2998046875,NA,NA
1,1,2020,NA,NA,NA,36,36109,NA,NA,54,47,2,NA,NA,5,NA,NA,NA,NA,4,960.88702392578125,NA,NA
1,1,2020,NA,NA,NA,36,36109,NA,NA,54,46,2,NA,NA,5,NA,NA,NA,NA,4,2172.070068359375,NA,NA
1,1,2020,NA,NA,NA,36,36109,NA,NA,54,42,2,NA,NA,5,NA,NA,NA,NA,4,151.69700622558594,NA,NA
1,1,2020,NA,NA,NA,36,36109,NA,NA,54,41,2,NA,NA,5,NA,NA,NA,NA,4,604.2509765625,NA,NA
1,1,2020,NA,NA,NA,36,36109,NA,NA,53,47,2,NA,NA,5,NA,NA,NA,NA,4,1376.4100341796875,NA,NA
1,1,2020,NA,NA,NA,36,36109,NA,NA,53,46,2,NA,NA,5,NA,NA,NA,NA,4,1976.2900390625,NA,NA
1,1,2020,NA,NA,NA,36,36109,NA,NA,53,42,2,NA,NA,5,NA,NA,NA,NA,4,2602.7900390625,NA,NA
1,1,2020,NA,NA,NA,36,36109,NA,NA,53,41,2,NA,NA,5,NA,NA,NA,NA,4,5436.1298828125,NA,NA
1,1,2020,NA,NA,NA,36,36109,NA,NA,52,47,2,NA,NA,5,NA,NA,NA,NA,4,23382.599609375,NA,NA
1,1,2020,NA,NA,NA,36,36109,NA,NA,52,46,2,NA,NA,5,NA,NA,NA,NA,4,33564.5,NA,NA
1,1,2020,NA,NA,NA,36,36109,NA,NA,52,42,2,NA,NA,5,NA,NA,NA,NA,4,43999.80078125,NA,NA
1,1,2020,NA,NA,NA,36,36109,NA,NA,52,41,2,NA,NA,5,NA,NA,NA,NA,4,87695.8984375,NA,NA
1,1,2020,NA,NA,NA,36,36109,NA,NA,51,47,2,NA,NA,5,NA,NA,NA,NA,4,2106.97998046875,NA,NA
1,1,2020,NA,NA,NA,36,36109,NA,NA,51,46,2,NA,NA,5,NA,NA,NA,NA,4,559.6820068359375,NA,NA
1,1,2020,NA,NA,NA,36,36109,NA,NA,51,42,2,NA,NA,5,NA,NA,NA,NA,4,1.8236199617385864,NA,NA
1,1,2020,NA,NA,NA,36,36109,NA,NA,43,47,2,NA,NA,5,NA,NA,NA,NA,4,550.14801025390625,NA,NA
1,1,2020,NA,NA,NA,36,36109,NA,NA,43,46,2,NA,NA,5,NA,NA,NA,NA,4,9308.1904296875,NA,NA
1,1,2020,NA,NA,NA,36,36109,NA,NA,43,42,2,NA,NA,5,NA,NA,NA,NA,4,158.58599853515625,NA,NA
1,1,2020,NA,NA,NA,36,36109,NA,NA,43,41,2,NA,NA,5,NA,NA,NA,NA,4,7.940310001373291,NA,NA
1,1,2020,NA,NA,NA,36,36109,NA,NA,42,48,2,NA,NA,5,NA,NA,NA,NA,4,4905.8701171875,NA,NA
1,1,2020,NA,NA,NA,36,36109,NA,NA,42,46,2,NA,NA,5,NA,NA,NA,NA,4,207.41900634765625,NA,NA
1,1,2020,NA,NA,NA,36,36109,NA,NA,42,42,2,NA,NA,5,NA,NA,NA,NA,4,371.02398681640625,NA,NA
1,1,2020,NA,NA,NA,36,36109,NA,NA,41,47,2,NA,NA,5,NA,NA,NA,NA,4,14498.900390625,NA,NA
1,1,2020,NA,NA,NA,36,36109,NA,NA,41,46,2,NA,NA,5,NA,NA,NA,NA,4,719.260009765625,NA,NA
1,1,2020,NA,NA,NA,36,36109,NA,NA,41,42,2,NA,NA,5,NA,NA,NA,NA,4,1383.9200439453125,NA,NA
1,1,2020,NA,NA,NA,36,36109,NA,NA,32,41,2,NA,NA,5,NA,NA,NA,NA,4,29242.80078125,NA,NA
1,1,2020,NA,NA,NA,36,36109,NA,NA,32,30,2,NA,NA,5,NA,NA,NA,NA,4,2307.9599609375,NA,NA
1,1,2020,NA,NA,NA,36,36109,NA,NA,31,41,2,NA,NA,5,NA,NA,NA,NA,4,91178.203125,NA,NA
1,1,2020,NA,NA,NA,36,36109,NA,NA,31,30,2,NA,NA,5,NA,NA,NA,NA,4,15594.5,NA,NA
1,1,2020,NA,NA,NA,36,36109,NA,NA,21,20,2,NA,NA,5,NA,NA,NA,NA,4,19944.30078125,NA,NA
1,1,2020,NA,NA,NA,36,36109,NA,NA,61,47,1,NA,NA,5,NA,NA,NA,NA,4,0.20568500459194183,NA,NA
1,1,2020,NA,NA,NA,36,36109,NA,NA,61,46,1,NA,NA,5,NA,NA,NA,NA,4,0.769756019115448,NA,NA
1,1,2020,NA,NA,NA,36,36109,NA,NA,54,47,1,NA,NA,5,NA,NA,NA,NA,4,0.6257169842720032,NA,NA
1,1,2020,NA,NA,NA,36,36109,NA,NA,54,46,1,NA,NA,5,NA,NA,NA,NA,4,2469.27001953125,NA,NA
1,1,2020,NA,NA,NA,36,36109,NA,NA,54,42,1,NA,NA,5,NA,NA,NA,NA,4,3960.239990234375,NA,NA
1,1,2020,NA,NA,NA,36,36109,NA,NA,54,41,1,NA,NA,5,NA,NA,NA,NA,4,501.69000244140625,NA,NA
1,1,2020,NA,NA,NA,36,36109,NA,NA,53,47,1,NA,NA,5,NA,NA,NA,NA,4,0.418844997882843,NA,NA
1,1,2020,NA,NA,NA,36,36109,NA,NA,53,46,1,NA,NA,5,NA,NA,NA,NA,4,354.08099365234375,NA,NA
1,1,2020,NA,NA,NA,36,36109,NA,NA,53,42,1,NA,NA,5,NA,NA,NA,NA,4,1516.550048828125,NA,NA
1,1,2020,NA,NA,NA,36,36109,NA,NA,53,41,1,NA,NA,5,NA,NA,NA,NA,4,2598.699951171875,NA,NA
1,1,2020,NA,NA,NA,36,36109,NA,NA,52,47,1,NA,NA,5,NA,NA,NA,NA,4,8.73544979095459,NA,NA
1,1,2020,NA,NA,NA,36,36109,NA,NA,52,46,1,NA,NA,5,NA,NA,NA,NA,4,5626.75,NA,NA
1,1,2020,NA,NA,NA,36,36109,NA,NA,52,42,1,NA,NA,5,NA,NA,NA,NA,4,25286,NA,NA
1,1,2020,NA,NA,NA,36,36109,NA,NA,52,41,1,NA,NA,5,NA,NA,NA,NA,4,42818.19921875,NA,NA
1,1,2020,NA,NA,NA,36,36109,NA,NA,51,47,1,NA,NA,5,NA,NA,NA,NA,4,0.3631100058555603,NA,NA
1,1,2020,NA,NA,NA,36,36109,NA,NA,51,46,1,NA,NA,5,NA,NA,NA,NA,4,3.385279893875122,NA,NA
1,1,2020,NA,NA,NA,36,36109,NA,NA,51,42,1,NA,NA,5,NA,NA,NA,NA,4,15.166999816894531,NA,NA
1,1,2020,NA,NA,NA,36,36109,NA,NA,51,41,1,NA,NA,5,NA,NA,NA,NA,4,0.5362520217895508,NA,NA
1,1,2020,NA,NA,NA,36,36109,NA,NA,43,47,1,NA,NA,5,NA,NA,NA,NA,4,2.151740074157715,NA,NA
1,1,2020,NA,NA,NA,36,36109,NA,NA,43,46,1,NA,NA,5,NA,NA,NA,NA,4,282.25,NA,NA
1,1,2020,NA,NA,NA,36,36109,NA,NA,43,42,1,NA,NA,5,NA,NA,NA,NA,4,369.8659973144531,NA,NA
1,1,2020,NA,NA,NA,36,36109,NA,NA,43,41,1,NA,NA,5,NA,NA,NA,NA,4,0.5048459768295288,NA,NA
1,1,2020,NA,NA,NA,36,36109,NA,NA,42,47,1,NA,NA,5,NA,NA,NA,NA,4,2.105149984359741,NA,NA
1,1,2020,NA,NA,NA,36,36109,NA,NA,42,46,1,NA,NA,5,NA,NA,NA,NA,4,1.1655900478363037,NA,NA
1,1,2020,NA,NA,NA,36,36109,NA,NA,42,42,1,NA,NA,5,NA,NA,NA,NA,4,1880.9200439453125,NA,NA
1,1,2020,NA,NA,NA,36,36109,NA,NA,41,47,1,NA,NA,5,NA,NA,NA,NA,4,9.831489562988281,NA,NA
1,1,2020,NA,NA,NA,36,36109,NA,NA,41,46,1,NA,NA,5,NA,NA,NA,NA,4,4.7814202308654785,NA,NA
1,1,2020,NA,NA,NA,36,36109,NA,NA,41,42,1,NA,NA,5,NA,NA,NA,NA,4,4716.77978515625,NA,NA
1,1,2020,NA,NA,NA,36,36109,NA,NA,32,41,1,NA,NA,5,NA,NA,NA,NA,4,87446.5,NA,NA
1,1,2020,NA,NA,NA,36,36109,NA,NA,32,30,1,NA,NA,5,NA,NA,NA,NA,4,396590,NA,NA
1,1,2020,NA,NA,NA,36,36109,NA,NA,31,41,1,NA,NA,5,NA,NA,NA,NA,4,79655,NA,NA
1,1,2020,NA,NA,NA,36,36109,NA,NA,31,30,1,NA,NA,5,NA,NA,NA,NA,4,3663510,NA,NA
1,1,2020,NA,NA,NA,36,36109,NA,NA,21,20,1,NA,NA,5,NA,NA,NA,NA,4,3551900,NA,NA
1,1,2020,NA,NA,NA,36,36109,NA,NA,11,10,1,NA,NA,5,NA,NA,NA,NA,4,58043.30078125,NA,NA
1,1,2020,NA,NA,NA,36,36109,NA,NA,61,47,9,NA,NA,4,NA,NA,NA,NA,4,0.8708059787750244,NA,NA
1,1,2020,NA,NA,NA,36,36109,NA,NA,53,47,9,NA,NA,4,NA,NA,NA,NA,4,0.20550499856472015,NA,NA
1,1,2020,NA,NA,NA,36,36109,NA,NA,53,46,9,NA,NA,4,NA,NA,NA,NA,4,0.005139170214533806,NA,NA
1,1,2020,NA,NA,NA,36,36109,NA,NA,53,42,9,NA,NA,4,NA,NA,NA,NA,4,0.03306049853563309,NA,NA
1,1,2020,NA,NA,NA,36,36109,NA,NA,53,41,9,NA,NA,4,NA,NA,NA,NA,4,0.013859299942851067,NA,NA
1,1,2020,NA,NA,NA,36,36109,NA,NA,52,47,9,NA,NA,4,NA,NA,NA,NA,4,2.9657700061798096,NA,NA
1,1,2020,NA,NA,NA,36,36109,NA,NA,52,46,9,NA,NA,4,NA,NA,NA,NA,4,0.07405290007591248,NA,NA
1,1,2020,NA,NA,NA,36,36109,NA,NA,52,42,9,NA,NA,4,NA,NA,NA,NA,4,0.47760701179504395,NA,NA
1,1,2020,NA,NA,NA,36,36109,NA,NA,52,41,9,NA,NA,4,NA,NA,NA,NA,4,0.2185100018978119,NA,NA
1,1,2020,NA,NA,NA,36,36109,NA,NA,51,47,9,NA,NA,4,NA,NA,NA,NA,4,0.09437239915132523,NA,NA
1,1,2020,NA,NA,NA,36,36109,NA,NA,43,47,9,NA,NA,4,NA,NA,NA,NA,4,0.24811799824237823,NA,NA
1,1,2020,NA,NA,NA,36,36109,NA,NA,43,46,9,NA,NA,4,NA,NA,NA,NA,4,0.34121501445770264,NA,NA
1,1,2020,NA,NA,NA,36,36109,NA,NA,42,48,9,NA,NA,4,NA,NA,NA,NA,4,8.840740203857422,NA,NA
1,1,2020,NA,NA,NA,36,36109,NA,NA,41,47,9,NA,NA,4,NA,NA,NA,NA,4,16.347000122070312,NA,NA
1,1,2020,NA,NA,NA,36,36109,NA,NA,32,30,9,NA,NA,4,NA,NA,NA,NA,4,41.099300384521484,NA,NA
1,1,2020,NA,NA,NA,36,36109,NA,NA,31,30,9,NA,NA,4,NA,NA,NA,NA,4,217.25399780273438,NA,NA
1,1,2020,NA,NA,NA,36,36109,NA,NA,21,20,9,NA,NA,4,NA,NA,NA,NA,4,2457.969970703125,NA,NA
1,1,2020,NA,NA,NA,36,36109,NA,NA,32,30,5,NA,NA,4,NA,NA,NA,NA,4,138.74600219726562,NA,NA
1,1,2020,NA,NA,NA,36,36109,NA,NA,31,30,5,NA,NA,4,NA,NA,NA,NA,4,584.17999267578125,NA,NA
1,1,2020,NA,NA,NA,36,36109,NA,NA,21,20,5,NA,NA,4,NA,NA,NA,NA,4,162.74400329589844,NA,NA
1,1,2020,NA,NA,NA,36,36109,NA,NA,62,47,3,NA,NA,4,NA,NA,NA,NA,4,189.1999969482422,NA,NA
1,1,2020,NA,NA,NA,36,36109,NA,NA,61,47,3,NA,NA,4,NA,NA,NA,NA,4,59.53969955444336,NA,NA
1,1,2020,NA,NA,NA,36,36109,NA,NA,54,47,3,NA,NA,4,NA,NA,NA,NA,4,0.00319429999217391,NA,NA
1,1,2020,NA,NA,NA,36,36109,NA,NA,53,47,3,NA,NA,4,NA,NA,NA,NA,4,8.606289863586426,NA,NA
1,1,2020,NA,NA,NA,36,36109,NA,NA,52,47,3,NA,NA,4,NA,NA,NA,NA,4,127.4000015258789,NA,NA
1,1,2020,NA,NA,NA,36,36109,NA,NA,51,47,3,NA,NA,4,NA,NA,NA,NA,4,23.629899978637695,NA,NA
1,1,2020,NA,NA,NA,36,36109,NA,NA,43,47,3,NA,NA,4,NA,NA,NA,NA,4,6.173960208892822,NA,NA
1,1,2020,NA,NA,NA,36,36109,NA,NA,42,48,3,NA,NA,4,NA,NA,NA,NA,4,76.00530242919922,NA,NA
1,1,2020,NA,NA,NA,36,36109,NA,NA,41,47,3,NA,NA,4,NA,NA,NA,NA,4,167.08299255371094,NA,NA
1,1,2020,NA,NA,NA,36,36109,NA,NA,62,49,2,NA,NA,4,NA,NA,NA,NA,4,954.96002197265625,NA,NA
1,1,2020,NA,NA,NA,36,36109,NA,NA,62,47,2,NA,NA,4,NA,NA,NA,NA,4,35075.69921875,NA,NA
1,1,2020,NA,NA,NA,36,36109,NA,NA,62,46,2,NA,NA,4,NA,NA,NA,NA,4,748.54901123046875,NA,NA
1,1,2020,NA,NA,NA,36,36109,NA,NA,61,49,2,NA,NA,4,NA,NA,NA,NA,4,318.00299072265625,NA,NA
1,1,2020,NA,NA,NA,36,36109,NA,NA,61,47,2,NA,NA,4,NA,NA,NA,NA,4,6528.3701171875,NA,NA
1,1,2020,NA,NA,NA,36,36109,NA,NA,61,46,2,NA,NA,4,NA,NA,NA,NA,4,1978.280029296875,NA,NA
1,1,2020,NA,NA,NA,36,36109,NA,NA,54,47,2,NA,NA,4,NA,NA,NA,NA,4,80.059600830078125,NA,NA
1,1,2020,NA,NA,NA,36,36109,NA,NA,54,46,2,NA,NA,4,NA,NA,NA,NA,4,180.97300720214844,NA,NA
1,1,2020,NA,NA,NA,36,36109,NA,NA,54,42,2,NA,NA,4,NA,NA,NA,NA,4,12.639200210571289,NA,NA
1,1,2020,NA,NA,NA,36,36109,NA,NA,54,41,2,NA,NA,4,NA,NA,NA,NA,4,50.34519958496094,NA,NA
1,1,2020,NA,NA,NA,36,36109,NA,NA,53,47,2,NA,NA,4,NA,NA,NA,NA,4,138.8300018310547,NA,NA
1,1,2020,NA,NA,NA,36,36109,NA,NA,53,46,2,NA,NA,4,NA,NA,NA,NA,4,199.33700561523438,NA,NA
1,1,2020,NA,NA,NA,36,36109,NA,NA,53,42,2,NA,NA,4,NA,NA,NA,NA,4,262.52899169921875,NA,NA
1,1,2020,NA,NA,NA,36,36109,NA,NA,53,41,2,NA,NA,4,NA,NA,NA,NA,4,548.31201171875,NA,NA
1,1,2020,NA,NA,NA,36,36109,NA,NA,52,47,2,NA,NA,4,NA,NA,NA,NA,4,2164.219970703125,NA,NA
1,1,2020,NA,NA,NA,36,36109,NA,NA,52,46,2,NA,NA,4,NA,NA,NA,NA,4,3106.6298828125,NA,NA
1,1,2020,NA,NA,NA,36,36109,NA,NA,52,42,2,NA,NA,4,NA,NA,NA,NA,4,4072.47998046875,NA,NA
1,1,2020,NA,NA,NA,36,36109,NA,NA,52,41,2,NA,NA,4,NA,NA,NA,NA,4,8116.85986328125,NA,NA
1,1,2020,NA,NA,NA,36,36109,NA,NA,51,47,2,NA,NA,4,NA,NA,NA,NA,4,205.2209930419922,NA,NA
1,1,2020,NA,NA,NA,36,36109,NA,NA,51,46,2,NA,NA,4,NA,NA,NA,NA,4,54.513301849365234,NA,NA
1,1,2020,NA,NA,NA,36,36109,NA,NA,51,42,2,NA,NA,4,NA,NA,NA,NA,4,0.1776210069656372,NA,NA
1,1,2020,NA,NA,NA,36,36109,NA,NA,43,47,2,NA,NA,4,NA,NA,NA,NA,4,40.528499603271484,NA,NA
1,1,2020,NA,NA,NA,36,36109,NA,NA,43,46,2,NA,NA,4,NA,NA,NA,NA,4,685.719970703125,NA,NA
1,1,2020,NA,NA,NA,36,36109,NA,NA,43,42,2,NA,NA,4,NA,NA,NA,NA,4,11.68280029296875,NA,NA
1,1,2020,NA,NA,NA,36,36109,NA,NA,43,41,2,NA,NA,4,NA,NA,NA,NA,4,0.5849509835243225,NA,NA
1,1,2020,NA,NA,NA,36,36109,NA,NA,42,48,2,NA,NA,4,NA,NA,NA,NA,4,446.7550048828125,NA,NA
1,1,2020,NA,NA,NA,36,36109,NA,NA,42,46,2,NA,NA,4,NA,NA,NA,NA,4,18.888700485229492,NA,NA
1,1,2020,NA,NA,NA,36,36109,NA,NA,42,42,2,NA,NA,4,NA,NA,NA,NA,4,33.78739929199219,NA,NA
1,1,2020,NA,NA,NA,36,36109,NA,NA,41,47,2,NA,NA,4,NA,NA,NA,NA,4,1094.1099853515625,NA,NA
1,1,2020,NA,NA,NA,36,36109,NA,NA,41,46,2,NA,NA,4,NA,NA,NA,NA,4,54.276798248291016,NA,NA
1,1,2020,NA,NA,NA,36,36109,NA,NA,41,42,2,NA,NA,4,NA,NA,NA,NA,4,104.43299865722656,NA,NA
1,1,2020,NA,NA,NA,36,36109,NA,NA,32,41,2,NA,NA,4,NA,NA,NA,NA,4,2385.43994140625,NA,NA
1,1,2020,NA,NA,NA,36,36109,NA,NA,32,30,2,NA,NA,4,NA,NA,NA,NA,4,188.2689971923828,NA,NA
1,1,2020,NA,NA,NA,36,36109,NA,NA,31,41,2,NA,NA,4,NA,NA,NA,NA,4,6738.7900390625,NA,NA
1,1,2020,NA,NA,NA,36,36109,NA,NA,31,30,2,NA,NA,4,NA,NA,NA,NA,4,1152.56005859375,NA,NA
1,1,2020,NA,NA,NA,36,36109,NA,NA,21,20,2,NA,NA,4,NA,NA,NA,NA,4,1575.6500244140625,NA,NA
1,1,2020,NA,NA,NA,36,36109,NA,NA,61,47,1,NA,NA,4,NA,NA,NA,NA,4,0.03133060038089752,NA,NA
1,1,2020,NA,NA,NA,36,36109,NA,NA,61,46,1,NA,NA,4,NA,NA,NA,NA,4,0.11725199967622757,NA,NA
1,1,2020,NA,NA,NA,36,36109,NA,NA,54,47,1,NA,NA,4,NA,NA,NA,NA,4,0.052133798599243164,NA,NA
1,1,2020,NA,NA,NA,36,36109,NA,NA,54,46,1,NA,NA,4,NA,NA,NA,NA,4,205.73599243164062,NA,NA
1,1,2020,NA,NA,NA,36,36109,NA,NA,54,42,1,NA,NA,4,NA,NA,NA,NA,4,329.9620056152344,NA,NA
1,1,2020,NA,NA,NA,36,36109,NA,NA,54,41,1,NA,NA,4,NA,NA,NA,NA,4,41.79999923706055,NA,NA
1,1,2020,NA,NA,NA,36,36109,NA,NA,53,47,1,NA,NA,4,NA,NA,NA,NA,4,0.0422464981675148,NA,NA
1,1,2020,NA,NA,NA,36,36109,NA,NA,53,46,1,NA,NA,4,NA,NA,NA,NA,4,35.7140998840332,NA,NA
1,1,2020,NA,NA,NA,36,36109,NA,NA,53,42,1,NA,NA,4,NA,NA,NA,NA,4,152.96600341796875,NA,NA
1,1,2020,NA,NA,NA,36,36109,NA,NA,53,41,1,NA,NA,4,NA,NA,NA,NA,4,262.1159973144531,NA,NA
1,1,2020,NA,NA,NA,36,36109,NA,NA,52,47,1,NA,NA,4,NA,NA,NA,NA,4,0.8085259795188904,NA,NA
1,1,2020,NA,NA,NA,36,36109,NA,NA,52,46,1,NA,NA,4,NA,NA,NA,NA,4,520.79498291015625,NA,NA
1,1,2020,NA,NA,NA,36,36109,NA,NA,52,42,1,NA,NA,4,NA,NA,NA,NA,4,2340.389892578125,NA,NA
1,1,2020,NA,NA,NA,36,36109,NA,NA,52,41,1,NA,NA,4,NA,NA,NA,NA,4,3963.1201171875,NA,NA
1,1,2020,NA,NA,NA,36,36109,NA,NA,51,47,1,NA,NA,4,NA,NA,NA,NA,4,0.035367198288440704,NA,NA
1,1,2020,NA,NA,NA,36,36109,NA,NA,51,46,1,NA,NA,4,NA,NA,NA,NA,4,0.32972800731658936,NA,NA
1,1,2020,NA,NA,NA,36,36109,NA,NA,51,42,1,NA,NA,4,NA,NA,NA,NA,4,1.4772800207138062,NA,NA
1,1,2020,NA,NA,NA,36,36109,NA,NA,51,41,1,NA,NA,4,NA,NA,NA,NA,4,0.05223130062222481,NA,NA
1,1,2020,NA,NA,NA,36,36109,NA,NA,43,47,1,NA,NA,4,NA,NA,NA,NA,4,0.15851500630378723,NA,NA
1,1,2020,NA,NA,NA,36,36109,NA,NA,43,46,1,NA,NA,4,NA,NA,NA,NA,4,20.792999267578125,NA,NA
1,1,2020,NA,NA,NA,36,36109,NA,NA,43,42,1,NA,NA,4,NA,NA,NA,NA,4,27.247499465942383,NA,NA
1,1,2020,NA,NA,NA,36,36109,NA,NA,43,41,1,NA,NA,4,NA,NA,NA,NA,4,0.037191201001405716,NA,NA
1,1,2020,NA,NA,NA,36,36109,NA,NA,42,47,1,NA,NA,4,NA,NA,NA,NA,4,0.19170500338077545,NA,NA
1,1,2020,NA,NA,NA,36,36109,NA,NA,42,46,1,NA,NA,4,NA,NA,NA,NA,4,0.10614500194787979,NA,NA
1,1,2020,NA,NA,NA,36,36109,NA,NA,42,42,1,NA,NA,4,NA,NA,NA,NA,4,171.28700256347656,NA,NA
1,1,2020,NA,NA,NA,36,36109,NA,NA,41,47,1,NA,NA,4,NA,NA,NA,NA,4,0.7419030070304871,NA,NA
1,1,2020,NA,NA,NA,36,36109,NA,NA,41,46,1,NA,NA,4,NA,NA,NA,NA,4,0.36081600189208984,NA,NA
1,1,2020,NA,NA,NA,36,36109,NA,NA,41,42,1,NA,NA,4,NA,NA,NA,NA,4,355.93701171875,NA,NA
1,1,2020,NA,NA,NA,36,36109,NA,NA,32,41,1,NA,NA,4,NA,NA,NA,NA,4,7133.330078125,NA,NA
1,1,2020,NA,NA,NA,36,36109,NA,NA,32,30,1,NA,NA,4,NA,NA,NA,NA,4,32351.30078125,NA,NA
1,1,2020,NA,NA,NA,36,36109,NA,NA,31,41,1,NA,NA,4,NA,NA,NA,NA,4,5887.1298828125,NA,NA
1,1,2020,NA,NA,NA,36,36109,NA,NA,31,30,1,NA,NA,4,NA,NA,NA,NA,4,270762,NA,NA
1,1,2020,NA,NA,NA,36,36109,NA,NA,21,20,1,NA,NA,4,NA,NA,NA,NA,4,280609,NA,NA
1,1,2020,NA,NA,NA,36,36109,NA,NA,11,10,1,NA,NA,4,NA,NA,NA,NA,4,3504.89990234375,NA,NA
1,1,2020,NA,NA,NA,36,36109,NA,NA,61,47,9,NA,NA,3,NA,NA,NA,NA,4,11.447600364685059,NA,NA
1,1,2020,NA,NA,NA,36,36109,NA,NA,53,47,9,NA,NA,3,NA,NA,NA,NA,4,2.601099967956543,NA,NA
1,1,2020,NA,NA,NA,36,36109,NA,NA,53,46,9,NA,NA,3,NA,NA,NA,NA,4,0.0650470033288002,NA,NA
1,1,2020,NA,NA,NA,36,36109,NA,NA,53,42,9,NA,NA,3,NA,NA,NA,NA,4,0.4184499979019165,NA,NA
1,1,2020,NA,NA,NA,36,36109,NA,NA,53,41,9,NA,NA,3,NA,NA,NA,NA,4,0.17541800439357758,NA,NA
1,1,2020,NA,NA,NA,36,36109,NA,NA,52,47,9,NA,NA,3,NA,NA,NA,NA,4,39.01350021362305,NA,NA
1,1,2020,NA,NA,NA,36,36109,NA,NA,52,46,9,NA,NA,3,NA,NA,NA,NA,4,0.9741359949111938,NA,NA
1,1,2020,NA,NA,NA,36,36109,NA,NA,52,42,9,NA,NA,3,NA,NA,NA,NA,4,6.2827301025390625,NA,NA
1,1,2020,NA,NA,NA,36,36109,NA,NA,52,41,9,NA,NA,3,NA,NA,NA,NA,4,2.874419927597046,NA,NA
1,1,2020,NA,NA,NA,36,36109,NA,NA,51,47,9,NA,NA,3,NA,NA,NA,NA,4,1.1603000164031982,NA,NA
1,1,2020,NA,NA,NA,36,36109,NA,NA,43,47,9,NA,NA,3,NA,NA,NA,NA,4,3.792289972305298,NA,NA
1,1,2020,NA,NA,NA,36,36109,NA,NA,43,46,9,NA,NA,3,NA,NA,NA,NA,4,5.2152099609375,NA,NA
1,1,2020,NA,NA,NA,36,36109,NA,NA,42,48,9,NA,NA,3,NA,NA,NA,NA,4,84.64689636230469,NA,NA
1,1,2020,NA,NA,NA,36,36109,NA,NA,41,47,9,NA,NA,3,NA,NA,NA,NA,4,193.36399841308594,NA,NA
1,1,2020,NA,NA,NA,36,36109,NA,NA,32,30,9,NA,NA,3,NA,NA,NA,NA,4,363.5329895019531,NA,NA
1,1,2020,NA,NA,NA,36,36109,NA,NA,31,30,9,NA,NA,3,NA,NA,NA,NA,4,2652.929931640625,NA,NA
1,1,2020,NA,NA,NA,36,36109,NA,NA,21,20,9,NA,NA,3,NA,NA,NA,NA,4,19907.599609375,NA,NA
1,1,2020,NA,NA,NA,36,36109,NA,NA,32,30,5,NA,NA,3,NA,NA,NA,NA,4,1227.239990234375,NA,NA
1,1,2020,NA,NA,NA,36,36109,NA,NA,31,30,5,NA,NA,3,NA,NA,NA,NA,4,7133.52978515625,NA,NA
1,1,2020,NA,NA,NA,36,36109,NA,NA,21,20,5,NA,NA,3,NA,NA,NA,NA,4,1318.0899658203125,NA,NA
1,1,2020,NA,NA,NA,36,36109,NA,NA,62,47,3,NA,NA,3,NA,NA,NA,NA,4,1751.969970703125,NA,NA
1,1,2020,NA,NA,NA,36,36109,NA,NA,61,47,3,NA,NA,3,NA,NA,NA,NA,4,782.71002197265625,NA,NA
1,1,2020,NA,NA,NA,36,36109,NA,NA,54,47,3,NA,NA,3,NA,NA,NA,NA,4,0.04783010110259056,NA,NA
1,1,2020,NA,NA,NA,36,36109,NA,NA,53,47,3,NA,NA,3,NA,NA,NA,NA,4,108.93099975585938,NA,NA
1,1,2020,NA,NA,NA,36,36109,NA,NA,52,47,3,NA,NA,3,NA,NA,NA,NA,4,1675.9000244140625,NA,NA
1,1,2020,NA,NA,NA,36,36109,NA,NA,51,47,3,NA,NA,3,NA,NA,NA,NA,4,290.5260009765625,NA,NA
1,1,2020,NA,NA,NA,36,36109,NA,NA,43,47,3,NA,NA,3,NA,NA,NA,NA,4,94.3644027709961,NA,NA
1,1,2020,NA,NA,NA,36,36109,NA,NA,42,48,3,NA,NA,3,NA,NA,NA,NA,4,727.72198486328125,NA,NA
1,1,2020,NA,NA,NA,36,36109,NA,NA,41,47,3,NA,NA,3,NA,NA,NA,NA,4,1976.3800048828125,NA,NA
1,1,2020,NA,NA,NA,36,36109,NA,NA,62,49,2,NA,NA,3,NA,NA,NA,NA,4,8842.8095703125,NA,NA
1,1,2020,NA,NA,NA,36,36109,NA,NA,62,47,2,NA,NA,3,NA,NA,NA,NA,4,324796,NA,NA
1,1,2020,NA,NA,NA,36,36109,NA,NA,62,46,2,NA,NA,3,NA,NA,NA,NA,4,6931.47021484375,NA,NA
1,1,2020,NA,NA,NA,36,36109,NA,NA,61,49,2,NA,NA,3,NA,NA,NA,NA,4,4180.47998046875,NA,NA
1,1,2020,NA,NA,NA,36,36109,NA,NA,61,47,2,NA,NA,3,NA,NA,NA,NA,4,85821.8984375,NA,NA
1,1,2020,NA,NA,NA,36,36109,NA,NA,61,46,2,NA,NA,3,NA,NA,NA,NA,4,26006.400390625,NA,NA
1,1,2020,NA,NA,NA,36,36109,NA,NA,54,47,2,NA,NA,3,NA,NA,NA,NA,4,1198.780029296875,NA,NA
1,1,2020,NA,NA,NA,36,36109,NA,NA,54,46,2,NA,NA,3,NA,NA,NA,NA,4,2709.820068359375,NA,NA
1,1,2020,NA,NA,NA,36,36109,NA,NA,54,42,2,NA,NA,3,NA,NA,NA,NA,4,189.25399780273438,NA,NA
1,1,2020,NA,NA,NA,36,36109,NA,NA,54,41,2,NA,NA,3,NA,NA,NA,NA,4,753.8480224609375,NA,NA
1,1,2020,NA,NA,NA,36,36109,NA,NA,53,47,2,NA,NA,3,NA,NA,NA,NA,4,1757.18994140625,NA,NA
1,1,2020,NA,NA,NA,36,36109,NA,NA,53,46,2,NA,NA,3,NA,NA,NA,NA,4,2523.030029296875,NA,NA
1,1,2020,NA,NA,NA,36,36109,NA,NA,53,42,2,NA,NA,3,NA,NA,NA,NA,4,3322.85009765625,NA,NA
1,1,2020,NA,NA,NA,36,36109,NA,NA,53,41,2,NA,NA,3,NA,NA,NA,NA,4,6940.0400390625,NA,NA
1,1,2020,NA,NA,NA,36,36109,NA,NA,52,47,2,NA,NA,3,NA,NA,NA,NA,4,28469.5,NA,NA
1,1,2020,NA,NA,NA,36,36109,NA,NA,52,46,2,NA,NA,3,NA,NA,NA,NA,4,40866.3984375,NA,NA
1,1,2020,NA,NA,NA,36,36109,NA,NA,52,42,2,NA,NA,3,NA,NA,NA,NA,4,53571.8984375,NA,NA
1,1,2020,NA,NA,NA,36,36109,NA,NA,52,41,2,NA,NA,3,NA,NA,NA,NA,4,106774,NA,NA
1,1,2020,NA,NA,NA,36,36109,NA,NA,51,47,2,NA,NA,3,NA,NA,NA,NA,4,2523.169921875,NA,NA
1,1,2020,NA,NA,NA,36,36109,NA,NA,51,46,2,NA,NA,3,NA,NA,NA,NA,4,670.2349853515625,NA,NA
1,1,2020,NA,NA,NA,36,36109,NA,NA,51,42,2,NA,NA,3,NA,NA,NA,NA,4,2.1838300228118896,NA,NA
1,1,2020,NA,NA,NA,36,36109,NA,NA,43,47,2,NA,NA,3,NA,NA,NA,NA,4,619.448974609375,NA,NA
1,1,2020,NA,NA,NA,36,36109,NA,NA,43,46,2,NA,NA,3,NA,NA,NA,NA,4,10480.7001953125,NA,NA
1,1,2020,NA,NA,NA,36,36109,NA,NA,43,42,2,NA,NA,3,NA,NA,NA,NA,4,178.56300354003906,NA,NA
1,1,2020,NA,NA,NA,36,36109,NA,NA,43,41,2,NA,NA,3,NA,NA,NA,NA,4,8.940549850463867,NA,NA
1,1,2020,NA,NA,NA,36,36109,NA,NA,42,48,2,NA,NA,3,NA,NA,NA,NA,4,4277.509765625,NA,NA
1,1,2020,NA,NA,NA,36,36109,NA,NA,42,46,2,NA,NA,3,NA,NA,NA,NA,4,180.8520050048828,NA,NA
1,1,2020,NA,NA,NA,36,36109,NA,NA,42,42,2,NA,NA,3,NA,NA,NA,NA,4,323.5010070800781,NA,NA
1,1,2020,NA,NA,NA,36,36109,NA,NA,41,47,2,NA,NA,3,NA,NA,NA,NA,4,12942,NA,NA
1,1,2020,NA,NA,NA,36,36109,NA,NA,41,46,2,NA,NA,3,NA,NA,NA,NA,4,642.0260009765625,NA,NA
1,1,2020,NA,NA,NA,36,36109,NA,NA,41,42,2,NA,NA,3,NA,NA,NA,NA,4,1235.3199462890625,NA,NA
1,1,2020,NA,NA,NA,36,36109,NA,NA,32,41,2,NA,NA,3,NA,NA,NA,NA,4,21099.80078125,NA,NA
1,1,2020,NA,NA,NA,36,36109,NA,NA,32,30,2,NA,NA,3,NA,NA,NA,NA,4,1665.280029296875,NA,NA
1,1,2020,NA,NA,NA,36,36109,NA,NA,31,41,2,NA,NA,3,NA,NA,NA,NA,4,82288.703125,NA,NA
1,1,2020,NA,NA,NA,36,36109,NA,NA,31,30,2,NA,NA,3,NA,NA,NA,NA,4,14074.099609375,NA,NA
1,1,2020,NA,NA,NA,36,36109,NA,NA,21,20,2,NA,NA,3,NA,NA,NA,NA,4,12761.5,NA,NA
1,1,2020,NA,NA,NA,36,36109,NA,NA,61,47,1,NA,NA,3,NA,NA,NA,NA,4,0.4118730127811432,NA,NA
1,1,2020,NA,NA,NA,36,36109,NA,NA,61,46,1,NA,NA,3,NA,NA,NA,NA,4,1.5413899421691895,NA,NA
1,1,2020,NA,NA,NA,36,36109,NA,NA,54,47,1,NA,NA,3,NA,NA,NA,NA,4,0.7806289792060852,NA,NA
1,1,2020,NA,NA,NA,36,36109,NA,NA,54,46,1,NA,NA,3,NA,NA,NA,NA,4,3080.60009765625,NA,NA
1,1,2020,NA,NA,NA,36,36109,NA,NA,54,42,1,NA,NA,3,NA,NA,NA,NA,4,4940.7099609375,NA,NA
1,1,2020,NA,NA,NA,36,36109,NA,NA,54,41,1,NA,NA,3,NA,NA,NA,NA,4,625.89599609375,NA,NA
1,1,2020,NA,NA,NA,36,36109,NA,NA,53,47,1,NA,NA,3,NA,NA,NA,NA,4,0.5347179770469666,NA,NA
1,1,2020,NA,NA,NA,36,36109,NA,NA,53,46,1,NA,NA,3,NA,NA,NA,NA,4,452.0369873046875,NA,NA
1,1,2020,NA,NA,NA,36,36109,NA,NA,53,42,1,NA,NA,3,NA,NA,NA,NA,4,1936.1099853515625,NA,NA
1,1,2020,NA,NA,NA,36,36109,NA,NA,53,41,1,NA,NA,3,NA,NA,NA,NA,4,3317.6298828125,NA,NA
1,1,2020,NA,NA,NA,36,36109,NA,NA,52,47,1,NA,NA,3,NA,NA,NA,NA,4,10.6358003616333,NA,NA
1,1,2020,NA,NA,NA,36,36109,NA,NA,52,46,1,NA,NA,3,NA,NA,NA,NA,4,6850.85009765625,NA,NA
1,1,2020,NA,NA,NA,36,36109,NA,NA,52,42,1,NA,NA,3,NA,NA,NA,NA,4,30786.900390625,NA,NA
1,1,2020,NA,NA,NA,36,36109,NA,NA,52,41,1,NA,NA,3,NA,NA,NA,NA,4,52133.19921875,NA,NA
1,1,2020,NA,NA,NA,36,36109,NA,NA,51,47,1,NA,NA,3,NA,NA,NA,NA,4,0.4348349869251251,NA,NA
1,1,2020,NA,NA,NA,36,36109,NA,NA,51,46,1,NA,NA,3,NA,NA,NA,NA,4,4.053969860076904,NA,NA
1,1,2020,NA,NA,NA,36,36109,NA,NA,51,42,1,NA,NA,3,NA,NA,NA,NA,4,18.162900924682617,NA,NA
1,1,2020,NA,NA,NA,36,36109,NA,NA,51,41,1,NA,NA,3,NA,NA,NA,NA,4,0.6421779990196228,NA,NA
1,1,2020,NA,NA,NA,36,36109,NA,NA,43,47,1,NA,NA,3,NA,NA,NA,NA,4,2.422790050506592,NA,NA
1,1,2020,NA,NA,NA,36,36109,NA,NA,43,46,1,NA,NA,3,NA,NA,NA,NA,4,317.80499267578125,NA,NA
1,1,2020,NA,NA,NA,36,36109,NA,NA,43,42,1,NA,NA,3,NA,NA,NA,NA,4,416.4580078125,NA,NA
1,1,2020,NA,NA,NA,36,36109,NA,NA,43,41,1,NA,NA,3,NA,NA,NA,NA,4,0.5684409737586975,NA,NA
1,1,2020,NA,NA,NA,36,36109,NA,NA,42,47,1,NA,NA,3,NA,NA,NA,NA,4,1.835510015487671,NA,NA
1,1,2020,NA,NA,NA,36,36109,NA,NA,42,46,1,NA,NA,3,NA,NA,NA,NA,4,1.0162899494171143,NA,NA
1,1,2020,NA,NA,NA,36,36109,NA,NA,42,42,1,NA,NA,3,NA,NA,NA,NA,4,1640.010009765625,NA,NA
1,1,2020,NA,NA,NA,36,36109,NA,NA,41,47,1,NA,NA,3,NA,NA,NA,NA,4,8.775779724121094,NA,NA
1,1,2020,NA,NA,NA,36,36109,NA,NA,41,46,1,NA,NA,3,NA,NA,NA,NA,4,4.2679901123046875,NA,NA
1,1,2020,NA,NA,NA,36,36109,NA,NA,41,42,1,NA,NA,3,NA,NA,NA,NA,4,4210.2900390625,NA,NA
1,1,2020,NA,NA,NA,36,36109,NA,NA,32,41,1,NA,NA,3,NA,NA,NA,NA,4,63096,NA,NA
1,1,2020,NA,NA,NA,36,36109,NA,NA,32,30,1,NA,NA,3,NA,NA,NA,NA,4,286155,NA,NA
1,1,2020,NA,NA,NA,36,36109,NA,NA,31,41,1,NA,NA,3,NA,NA,NA,NA,4,71888.8984375,NA,NA
1,1,2020,NA,NA,NA,36,36109,NA,NA,31,30,1,NA,NA,3,NA,NA,NA,NA,4,3306330,NA,NA
1,1,2020,NA,NA,NA,36,36109,NA,NA,21,20,1,NA,NA,3,NA,NA,NA,NA,4,2272710,NA,NA
1,1,2020,NA,NA,NA,36,36109,NA,NA,11,10,1,NA,NA,3,NA,NA,NA,NA,4,48702.1015625,NA,NA
1,1,2020,NA,NA,NA,36,36109,NA,NA,61,47,9,NA,NA,2,NA,NA,NA,NA,4,0,NA,NA
1,1,2020,NA,NA,NA,36,36109,NA,NA,53,47,9,NA,NA,2,NA,NA,NA,NA,4,0,NA,NA
1,1,2020,NA,NA,NA,36,36109,NA,NA,53,46,9,NA,NA,2,NA,NA,NA,NA,4,0,NA,NA
1,1,2020,NA,NA,NA,36,36109,NA,NA,53,42,9,NA,NA,2,NA,NA,NA,NA,4,0,NA,NA
1,1,2020,NA,NA,NA,36,36109,NA,NA,53,41,9,NA,NA,2,NA,NA,NA,NA,4,0,NA,NA
1,1,2020,NA,NA,NA,36,36109,NA,NA,52,47,9,NA,NA,2,NA,NA,NA,NA,4,0,NA,NA
1,1,2020,NA,NA,NA,36,36109,NA,NA,52,46,9,NA,NA,2,NA,NA,NA,NA,4,0,NA,NA
1,1,2020,NA,NA,NA,36,36109,NA,NA,52,42,9,NA,NA,2,NA,NA,NA,NA,4,0,NA,NA
1,1,2020,NA,NA,NA,36,36109,NA,NA,52,41,9,NA,NA,2,NA,NA,NA,NA,4,0,NA,NA
1,1,2020,NA,NA,NA,36,36109,NA,NA,51,47,9,NA,NA,2,NA,NA,NA,NA,4,0,NA,NA
1,1,2020,NA,NA,NA,36,36109,NA,NA,43,47,9,NA,NA,2,NA,NA,NA,NA,4,0,NA,NA
1,1,2020,NA,NA,NA,36,36109,NA,NA,43,46,9,NA,NA,2,NA,NA,NA,NA,4,0,NA,NA
1,1,2020,NA,NA,NA,36,36109,NA,NA,42,48,9,NA,NA,2,NA,NA,NA,NA,4,0,NA,NA
1,1,2020,NA,NA,NA,36,36109,NA,NA,41,47,9,NA,NA,2,NA,NA,NA,NA,4,0,NA,NA
1,1,2020,NA,NA,NA,36,36109,NA,NA,32,30,9,NA,NA,2,NA,NA,NA,NA,4,0,NA,NA
1,1,2020,NA,NA,NA,36,36109,NA,NA,31,30,9,NA,NA,2,NA,NA,NA,NA,4,0,NA,NA
1,1,2020,NA,NA,NA,36,36109,NA,NA,21,20,9,NA,NA,2,NA,NA,NA,NA,4,0,NA,NA
1,1,2020,NA,NA,NA,36,36109,NA,NA,32,30,5,NA,NA,2,NA,NA,NA,NA,4,0,NA,NA
1,1,2020,NA,NA,NA,36,36109,NA,NA,31,30,5,NA,NA,2,NA,NA,NA,NA,4,0,NA,NA
1,1,2020,NA,NA,NA,36,36109,NA,NA,21,20,5,NA,NA,2,NA,NA,NA,NA,4,0,NA,NA
1,1,2020,NA,NA,NA,36,36109,NA,NA,62,47,3,NA,NA,2,NA,NA,NA,NA,4,0,NA,NA
1,1,2020,NA,NA,NA,36,36109,NA,NA,61,47,3,NA,NA,2,NA,NA,NA,NA,4,0,NA,NA
1,1,2020,NA,NA,NA,36,36109,NA,NA,54,47,3,NA,NA,2,NA,NA,NA,NA,4,0,NA,NA
1,1,2020,NA,NA,NA,36,36109,NA,NA,53,47,3,NA,NA,2,NA,NA,NA,NA,4,0,NA,NA
1,1,2020,NA,NA,NA,36,36109,NA,NA,52,47,3,NA,NA,2,NA,NA,NA,NA,4,0,NA,NA
1,1,2020,NA,NA,NA,36,36109,NA,NA,51,47,3,NA,NA,2,NA,NA,NA,NA,4,0,NA,NA
1,1,2020,NA,NA,NA,36,36109,NA,NA,43,47,3,NA,NA,2,NA,NA,NA,NA,4,0,NA,NA
1,1,2020,NA,NA,NA,36,36109,NA,NA,42,48,3,NA,NA,2,NA,NA,NA,NA,4,0,NA,NA
1,1,2020,NA,NA,NA,36,36109,NA,NA,41,47,3,NA,NA,2,NA,NA,NA,NA,4,0,NA,NA
1,1,2020,NA,NA,NA,36,36109,NA,NA,62,49,2,NA,NA,2,NA,NA,NA,NA,4,0,NA,NA
1,1,2020,NA,NA,NA,36,36109,NA,NA,62,47,2,NA,NA,2,NA,NA,NA,NA,4,0,NA,NA
1,1,2020,NA,NA,NA,36,36109,NA,NA,62,46,2,NA,NA,2,NA,NA,NA,NA,4,0,NA,NA
1,1,2020,NA,NA,NA,36,36109,NA,NA,61,49,2,NA,NA,2,NA,NA,NA,NA,4,0,NA,NA
1,1,2020,NA,NA,NA,36,36109,NA,NA,61,47,2,NA,NA,2,NA,NA,NA,NA,4,0,NA,NA
1,1,2020,NA,NA,NA,36,36109,NA,NA,61,46,2,NA,NA,2,NA,NA,NA,NA,4,0,NA,NA
1,1,2020,NA,NA,NA,36,36109,NA,NA,54,47,2,NA,NA,2,NA,NA,NA,NA,4,0,NA,NA
1,1,2020,NA,NA,NA,36,36109,NA,NA,54,46,2,NA,NA,2,NA,NA,NA,NA,4,0,NA,NA
1,1,2020,NA,NA,NA,36,36109,NA,NA,54,42,2,NA,NA,2,NA,NA,NA,NA,4,0,NA,NA
1,1,2020,NA,NA,NA,36,36109,NA,NA,54,41,2,NA,NA,2,NA,NA,NA,NA,4,0,NA,NA
1,1,2020,NA,NA,NA,36,36109,NA,NA,53,47,2,NA,NA,2,NA,NA,NA,NA,4,0,NA,NA
1,1,2020,NA,NA,NA,36,36109,NA,NA,53,46,2,NA,NA,2,NA,NA,NA,NA,4,0,NA,NA
1,1,2020,NA,NA,NA,36,36109,NA,NA,53,42,2,NA,NA,2,NA,NA,NA,NA,4,0,NA,NA
1,1,2020,NA,NA,NA,36,36109,NA,NA,53,41,2,NA,NA,2,NA,NA,NA,NA,4,0,NA,NA
1,1,2020,NA,NA,NA,36,36109,NA,NA,52,47,2,NA,NA,2,NA,NA,NA,NA,4,0,NA,NA
1,1,2020,NA,NA,NA,36,36109,NA,NA,52,46,2,NA,NA,2,NA,NA,NA,NA,4,0,NA,NA
1,1,2020,NA,NA,NA,36,36109,NA,NA,52,42,2,NA,NA,2,NA,NA,NA,NA,4,0,NA,NA
1,1,2020,NA,NA,NA,36,36109,NA,NA,52,41,2,NA,NA,2,NA,NA,NA,NA,4,0,NA,NA
1,1,2020,NA,NA,NA,36,36109,NA,NA,51,47,2,NA,NA,2,NA,NA,NA,NA,4,0,NA,NA
1,1,2020,NA,NA,NA,36,36109,NA,NA,51,46,2,NA,NA,2,NA,NA,NA,NA,4,0,NA,NA
1,1,2020,NA,NA,NA,36,36109,NA,NA,51,42,2,NA,NA,2,NA,NA,NA,NA,4,0,NA,NA
1,1,2020,NA,NA,NA,36,36109,NA,NA,43,47,2,NA,NA,2,NA,NA,NA,NA,4,0,NA,NA
1,1,2020,NA,NA,NA,36,36109,NA,NA,43,46,2,NA,NA,2,NA,NA,NA,NA,4,0,NA,NA
1,1,2020,NA,NA,NA,36,36109,NA,NA,43,42,2,NA,NA,2,NA,NA,NA,NA,4,0,NA,NA
1,1,2020,NA,NA,NA,36,36109,NA,NA,43,41,2,NA,NA,2,NA,NA,NA,NA,4,0,NA,NA
1,1,2020,NA,NA,NA,36,36109,NA,NA,42,48,2,NA,NA,2,NA,NA,NA,NA,4,0,NA,NA
1,1,2020,NA,NA,NA,36,36109,NA,NA,42,46,2,NA,NA,2,NA,NA,NA,NA,4,0,NA,NA
1,1,2020,NA,NA,NA,36,36109,NA,NA,42,42,2,NA,NA,2,NA,NA,NA,NA,4,0,NA,NA
1,1,2020,NA,NA,NA,36,36109,NA,NA,41,47,2,NA,NA,2,NA,NA,NA,NA,4,0,NA,NA
1,1,2020,NA,NA,NA,36,36109,NA,NA,41,46,2,NA,NA,2,NA,NA,NA,NA,4,0,NA,NA
1,1,2020,NA,NA,NA,36,36109,NA,NA,41,42,2,NA,NA,2,NA,NA,NA,NA,4,0,NA,NA
1,1,2020,NA,NA,NA,36,36109,NA,NA,32,41,2,NA,NA,2,NA,NA,NA,NA,4,0,NA,NA
1,1,2020,NA,NA,NA,36,36109,NA,NA,32,30,2,NA,NA,2,NA,NA,NA,NA,4,0,NA,NA
1,1,2020,NA,NA,NA,36,36109,NA,NA,31,41,2,NA,NA,2,NA,NA,NA,NA,4,0,NA,NA
1,1,2020,NA,NA,NA,36,36109,NA,NA,31,30,2,NA,NA,2,NA,NA,NA,NA,4,0,NA,NA
1,1,2020,NA,NA,NA,36,36109,NA,NA,21,20,2,NA,NA,2,NA,NA,NA,NA,4,0,NA,NA
1,1,2020,NA,NA,NA,36,36109,NA,NA,61,47,1,NA,NA,2,NA,NA,NA,NA,4,0,NA,NA
1,1,2020,NA,NA,NA,36,36109,NA,NA,61,46,1,NA,NA,2,NA,NA,NA,NA,4,0,NA,NA
1,1,2020,NA,NA,NA,36,36109,NA,NA,54,47,1,NA,NA,2,NA,NA,NA,NA,4,0,NA,NA
1,1,2020,NA,NA,NA,36,36109,NA,NA,54,46,1,NA,NA,2,NA,NA,NA,NA,4,0,NA,NA
1,1,2020,NA,NA,NA,36,36109,NA,NA,54,42,1,NA,NA,2,NA,NA,NA,NA,4,0,NA,NA
1,1,2020,NA,NA,NA,36,36109,NA,NA,54,41,1,NA,NA,2,NA,NA,NA,NA,4,0,NA,NA
1,1,2020,NA,NA,NA,36,36109,NA,NA,53,47,1,NA,NA,2,NA,NA,NA,NA,4,0,NA,NA
1,1,2020,NA,NA,NA,36,36109,NA,NA,53,46,1,NA,NA,2,NA,NA,NA,NA,4,0,NA,NA
1,1,2020,NA,NA,NA,36,36109,NA,NA,53,42,1,NA,NA,2,NA,NA,NA,NA,4,0,NA,NA
1,1,2020,NA,NA,NA,36,36109,NA,NA,53,41,1,NA,NA,2,NA,NA,NA,NA,4,0,NA,NA
1,1,2020,NA,NA,NA,36,36109,NA,NA,52,47,1,NA,NA,2,NA,NA,NA,NA,4,0,NA,NA
1,1,2020,NA,NA,NA,36,36109,NA,NA,52,46,1,NA,NA,2,NA,NA,NA,NA,4,0,NA,NA
1,1,2020,NA,NA,NA,36,36109,NA,NA,52,42,1,NA,NA,2,NA,NA,NA,NA,4,0,NA,NA
1,1,2020,NA,NA,NA,36,36109,NA,NA,52,41,1,NA,NA,2,NA,NA,NA,NA,4,0,NA,NA
1,1,2020,NA,NA,NA,36,36109,NA,NA,51,47,1,NA,NA,2,NA,NA,NA,NA,4,0,NA,NA
1,1,2020,NA,NA,NA,36,36109,NA,NA,51,46,1,NA,NA,2,NA,NA,NA,NA,4,0,NA,NA
1,1,2020,NA,NA,NA,36,36109,NA,NA,51,42,1,NA,NA,2,NA,NA,NA,NA,4,0,NA,NA
1,1,2020,NA,NA,NA,36,36109,NA,NA,51,41,1,NA,NA,2,NA,NA,NA,NA,4,0,NA,NA
1,1,2020,NA,NA,NA,36,36109,NA,NA,43,47,1,NA,NA,2,NA,NA,NA,NA,4,0,NA,NA
1,1,2020,NA,NA,NA,36,36109,NA,NA,43,46,1,NA,NA,2,NA,NA,NA,NA,4,0,NA,NA
1,1,2020,NA,NA,NA,36,36109,NA,NA,43,42,1,NA,NA,2,NA,NA,NA,NA,4,0,NA,NA
1,1,2020,NA,NA,NA,36,36109,NA,NA,43,41,1,NA,NA,2,NA,NA,NA,NA,4,0,NA,NA
1,1,2020,NA,NA,NA,36,36109,NA,NA,42,47,1,NA,NA,2,NA,NA,NA,NA,4,0,NA,NA
1,1,2020,NA,NA,NA,36,36109,NA,NA,42,46,1,NA,NA,2,NA,NA,NA,NA,4,0,NA,NA
1,1,2020,NA,NA,NA,36,36109,NA,NA,42,42,1,NA,NA,2,NA,NA,NA,NA,4,0,NA,NA
1,1,2020,NA,NA,NA,36,36109,NA,NA,41,47,1,NA,NA,2,NA,NA,NA,NA,4,0,NA,NA
1,1,2020,NA,NA,NA,36,36109,NA,NA,41,46,1,NA,NA,2,NA,NA,NA,NA,4,0,NA,NA
1,1,2020,NA,NA,NA,36,36109,NA,NA,41,42,1,NA,NA,2,NA,NA,NA,NA,4,0,NA,NA
1,1,2020,NA,NA,NA,36,36109,NA,NA,32,41,1,NA,NA,2,NA,NA,NA,NA,4,0,NA,NA
1,1,2020,NA,NA,NA,36,36109,NA,NA,32,30,1,NA,NA,2,NA,NA,NA,NA,4,0,NA,NA
1,1,2020,NA,NA,NA,36,36109,NA,NA,31,41,1,NA,NA,2,NA,NA,NA,NA,4,0,NA,NA
1,1,2020,NA,NA,NA,36,36109,NA,NA,31,30,1,NA,NA,2,NA,NA,NA,NA,4,0,NA,NA
1,1,2020,NA,NA,NA,36,36109,NA,NA,21,20,1,NA,NA,2,NA,NA,NA,NA,4,0,NA,NA
1,1,2020,NA,NA,NA,36,36109,NA,NA,11,10,1,NA,NA,2,NA,NA,NA,NA,4,0,NA,NA
1,1,2020,NA,NA,NA,36,36109,NA,NA,61,47,9,NA,NA,1,NA,NA,NA,NA,4,7.228449821472168,NA,NA
1,1,2020,NA,NA,NA,36,36109,NA,NA,53,47,9,NA,NA,1,NA,NA,NA,NA,4,2.0708301067352295,NA,NA
1,1,2020,NA,NA,NA,36,36109,NA,NA,53,46,9,NA,NA,1,NA,NA,NA,NA,4,0.05178629979491234,NA,NA
1,1,2020,NA,NA,NA,36,36109,NA,NA,53,42,9,NA,NA,1,NA,NA,NA,NA,4,0.3331429958343506,NA,NA
1,1,2020,NA,NA,NA,36,36109,NA,NA,53,41,9,NA,NA,1,NA,NA,NA,NA,4,0.13965700566768646,NA,NA
1,1,2020,NA,NA,NA,36,36109,NA,NA,52,47,9,NA,NA,1,NA,NA,NA,NA,4,31.638700485229492,NA,NA
1,1,2020,NA,NA,NA,36,36109,NA,NA,52,46,9,NA,NA,1,NA,NA,NA,NA,4,0.7899929881095886,NA,NA
1,1,2020,NA,NA,NA,36,36109,NA,NA,52,42,9,NA,NA,1,NA,NA,NA,NA,4,5.095089912414551,NA,NA
1,1,2020,NA,NA,NA,36,36109,NA,NA,52,41,9,NA,NA,1,NA,NA,NA,NA,4,2.3310599327087402,NA,NA
1,1,2020,NA,NA,NA,36,36109,NA,NA,51,47,9,NA,NA,1,NA,NA,NA,NA,4,1.5288100242614746,NA,NA
1,1,2020,NA,NA,NA,36,36109,NA,NA,43,47,9,NA,NA,1,NA,NA,NA,NA,4,1.3062299489974976,NA,NA
1,1,2020,NA,NA,NA,36,36109,NA,NA,43,46,9,NA,NA,1,NA,NA,NA,NA,4,1.7963500022888184,NA,NA
1,1,2020,NA,NA,NA,36,36109,NA,NA,42,48,9,NA,NA,1,NA,NA,NA,NA,4,58.91130065917969,NA,NA
1,1,2020,NA,NA,NA,36,36109,NA,NA,41,47,9,NA,NA,1,NA,NA,NA,NA,4,199.8070068359375,NA,NA
1,1,2020,NA,NA,NA,36,36109,NA,NA,32,30,9,NA,NA,1,NA,NA,NA,NA,4,159.24400329589844,NA,NA
1,1,2020,NA,NA,NA,36,36109,NA,NA,31,30,9,NA,NA,1,NA,NA,NA,NA,4,1176.030029296875,NA,NA
1,1,2020,NA,NA,NA,36,36109,NA,NA,21,20,9,NA,NA,1,NA,NA,NA,NA,4,9883.9501953125,NA,NA
1,1,2020,NA,NA,NA,36,36109,NA,NA,32,30,5,NA,NA,1,NA,NA,NA,NA,4,537.59002685546875,NA,NA
1,1,2020,NA,NA,NA,36,36109,NA,NA,31,30,5,NA,NA,1,NA,NA,NA,NA,4,3162.260009765625,NA,NA
1,1,2020,NA,NA,NA,36,36109,NA,NA,21,20,5,NA,NA,1,NA,NA,NA,NA,4,654.4229736328125,NA,NA
1,1,2020,NA,NA,NA,36,36109,NA,NA,62,47,3,NA,NA,1,NA,NA,NA,NA,4,267.37200927734375,NA,NA
1,1,2020,NA,NA,NA,36,36109,NA,NA,61,47,3,NA,NA,1,NA,NA,NA,NA,4,494.23199462890625,NA,NA
1,1,2020,NA,NA,NA,36,36109,NA,NA,54,47,3,NA,NA,1,NA,NA,NA,NA,4,0,NA,NA
1,1,2020,NA,NA,NA,36,36109,NA,NA,53,47,3,NA,NA,1,NA,NA,NA,NA,4,86.72370147705078,NA,NA
1,1,2020,NA,NA,NA,36,36109,NA,NA,52,47,3,NA,NA,1,NA,NA,NA,NA,4,1359.0999755859375,NA,NA
1,1,2020,NA,NA,NA,36,36109,NA,NA,51,47,3,NA,NA,1,NA,NA,NA,NA,4,382.7969970703125,NA,NA
1,1,2020,NA,NA,NA,36,36109,NA,NA,43,47,3,NA,NA,1,NA,NA,NA,NA,4,32.503299713134766,NA,NA
1,1,2020,NA,NA,NA,36,36109,NA,NA,42,48,3,NA,NA,1,NA,NA,NA,NA,4,506.47100830078125,NA,NA
1,1,2020,NA,NA,NA,36,36109,NA,NA,41,47,3,NA,NA,1,NA,NA,NA,NA,4,2042.239990234375,NA,NA
1,1,2020,NA,NA,NA,36,36109,NA,NA,62,49,2,NA,NA,1,NA,NA,NA,NA,4,1349.52001953125,NA,NA
1,1,2020,NA,NA,NA,36,36109,NA,NA,62,47,2,NA,NA,1,NA,NA,NA,NA,4,49568,NA,NA
1,1,2020,NA,NA,NA,36,36109,NA,NA,62,46,2,NA,NA,1,NA,NA,NA,NA,4,1057.8299560546875,NA,NA
1,1,2020,NA,NA,NA,36,36109,NA,NA,61,49,2,NA,NA,1,NA,NA,NA,NA,4,2639.699951171875,NA,NA
1,1,2020,NA,NA,NA,36,36109,NA,NA,61,47,2,NA,NA,1,NA,NA,NA,NA,4,54191.1015625,NA,NA
1,1,2020,NA,NA,NA,36,36109,NA,NA,61,46,2,NA,NA,1,NA,NA,NA,NA,4,16421.400390625,NA,NA
1,1,2020,NA,NA,NA,36,36109,NA,NA,54,47,2,NA,NA,1,NA,NA,NA,NA,4,0,NA,NA
1,1,2020,NA,NA,NA,36,36109,NA,NA,54,46,2,NA,NA,1,NA,NA,NA,NA,4,0,NA,NA
1,1,2020,NA,NA,NA,36,36109,NA,NA,54,42,2,NA,NA,1,NA,NA,NA,NA,4,0,NA,NA
1,1,2020,NA,NA,NA,36,36109,NA,NA,54,41,2,NA,NA,1,NA,NA,NA,NA,4,0,NA,NA
1,1,2020,NA,NA,NA,36,36109,NA,NA,53,47,2,NA,NA,1,NA,NA,NA,NA,4,1398.9599609375,NA,NA
1,1,2020,NA,NA,NA,36,36109,NA,NA,53,46,2,NA,NA,1,NA,NA,NA,NA,4,2008.6800537109375,NA,NA
1,1,2020,NA,NA,NA,36,36109,NA,NA,53,42,2,NA,NA,1,NA,NA,NA,NA,4,2645.43994140625,NA,NA
1,1,2020,NA,NA,NA,36,36109,NA,NA,53,41,2,NA,NA,1,NA,NA,NA,NA,4,5525.22021484375,NA,NA
1,1,2020,NA,NA,NA,36,36109,NA,NA,52,47,2,NA,NA,1,NA,NA,NA,NA,4,23087.80078125,NA,NA
1,1,2020,NA,NA,NA,36,36109,NA,NA,52,46,2,NA,NA,1,NA,NA,NA,NA,4,33141.3984375,NA,NA
1,1,2020,NA,NA,NA,36,36109,NA,NA,52,42,2,NA,NA,1,NA,NA,NA,NA,4,43445.1015625,NA,NA
1,1,2020,NA,NA,NA,36,36109,NA,NA,52,41,2,NA,NA,1,NA,NA,NA,NA,4,86590.3984375,NA,NA
1,1,2020,NA,NA,NA,36,36109,NA,NA,51,47,2,NA,NA,1,NA,NA,NA,NA,4,3324.530029296875,NA,NA
1,1,2020,NA,NA,NA,36,36109,NA,NA,51,46,2,NA,NA,1,NA,NA,NA,NA,4,883.10101318359375,NA,NA
1,1,2020,NA,NA,NA,36,36109,NA,NA,51,42,2,NA,NA,1,NA,NA,NA,NA,4,2.877419948577881,NA,NA
1,1,2020,NA,NA,NA,36,36109,NA,NA,43,47,2,NA,NA,1,NA,NA,NA,NA,4,213.36599731445312,NA,NA
1,1,2020,NA,NA,NA,36,36109,NA,NA,43,46,2,NA,NA,1,NA,NA,NA,NA,4,3610.030029296875,NA,NA
1,1,2020,NA,NA,NA,36,36109,NA,NA,43,42,2,NA,NA,1,NA,NA,NA,NA,4,61.50510025024414,NA,NA
1,1,2020,NA,NA,NA,36,36109,NA,NA,43,41,2,NA,NA,1,NA,NA,NA,NA,4,3.0795199871063232,NA,NA
1,1,2020,NA,NA,NA,36,36109,NA,NA,42,48,2,NA,NA,1,NA,NA,NA,NA,4,2977,NA,NA
1,1,2020,NA,NA,NA,36,36109,NA,NA,42,46,2,NA,NA,1,NA,NA,NA,NA,4,125.86699676513672,NA,NA
1,1,2020,NA,NA,NA,36,36109,NA,NA,42,42,2,NA,NA,1,NA,NA,NA,NA,4,225.14599609375,NA,NA
1,1,2020,NA,NA,NA,36,36109,NA,NA,41,47,2,NA,NA,1,NA,NA,NA,NA,4,13373.2001953125,NA,NA
1,1,2020,NA,NA,NA,36,36109,NA,NA,41,46,2,NA,NA,1,NA,NA,NA,NA,4,663.41900634765625,NA,NA
1,1,2020,NA,NA,NA,36,36109,NA,NA,41,42,2,NA,NA,1,NA,NA,NA,NA,4,1276.47998046875,NA,NA
1,1,2020,NA,NA,NA,36,36109,NA,NA,32,41,2,NA,NA,1,NA,NA,NA,NA,4,9242.7001953125,NA,NA
1,1,2020,NA,NA,NA,36,36109,NA,NA,32,30,2,NA,NA,1,NA,NA,NA,NA,4,729.47100830078125,NA,NA
1,1,2020,NA,NA,NA,36,36109,NA,NA,31,41,2,NA,NA,1,NA,NA,NA,NA,4,36478.19921875,NA,NA
1,1,2020,NA,NA,NA,36,36109,NA,NA,31,30,2,NA,NA,1,NA,NA,NA,NA,4,6238.990234375,NA,NA
1,1,2020,NA,NA,NA,36,36109,NA,NA,21,20,2,NA,NA,1,NA,NA,NA,NA,4,6335.97998046875,NA,NA
1,1,2020,NA,NA,NA,36,36109,NA,NA,61,47,1,NA,NA,1,NA,NA,NA,NA,4,0.2600710093975067,NA,NA
1,1,2020,NA,NA,NA,36,36109,NA,NA,61,46,1,NA,NA,1,NA,NA,NA,NA,4,0.9732919931411743,NA,NA
1,1,2020,NA,NA,NA,36,36109,NA,NA,54,47,1,NA,NA,1,NA,NA,NA,NA,4,0,NA,NA
1,1,2020,NA,NA,NA,36,36109,NA,NA,54,46,1,NA,NA,1,NA,NA,NA,NA,4,0,NA,NA
1,1,2020,NA,NA,NA,36,36109,NA,NA,54,42,1,NA,NA,1,NA,NA,NA,NA,4,0,NA,NA
1,1,2020,NA,NA,NA,36,36109,NA,NA,54,41,1,NA,NA,1,NA,NA,NA,NA,4,0,NA,NA
1,1,2020,NA,NA,NA,36,36109,NA,NA,53,47,1,NA,NA,1,NA,NA,NA,NA,4,0.4257090091705322,NA,NA
1,1,2020,NA,NA,NA,36,36109,NA,NA,53,46,1,NA,NA,1,NA,NA,NA,NA,4,359.88299560546875,NA,NA
1,1,2020,NA,NA,NA,36,36109,NA,NA,53,42,1,NA,NA,1,NA,NA,NA,NA,4,1541.4100341796875,NA,NA
1,1,2020,NA,NA,NA,36,36109,NA,NA,53,41,1,NA,NA,1,NA,NA,NA,NA,4,2641.280029296875,NA,NA
1,1,2020,NA,NA,NA,36,36109,NA,NA,52,47,1,NA,NA,1,NA,NA,NA,NA,4,8.625309944152832,NA,NA
1,1,2020,NA,NA,NA,36,36109,NA,NA,52,46,1,NA,NA,1,NA,NA,NA,NA,4,5555.81982421875,NA,NA
1,1,2020,NA,NA,NA,36,36109,NA,NA,52,42,1,NA,NA,1,NA,NA,NA,NA,4,24967.19921875,NA,NA
1,1,2020,NA,NA,NA,36,36109,NA,NA,52,41,1,NA,NA,1,NA,NA,NA,NA,4,42278.3984375,NA,NA
1,1,2020,NA,NA,NA,36,36109,NA,NA,51,47,1,NA,NA,1,NA,NA,NA,NA,4,0.5729389786720276,NA,NA
1,1,2020,NA,NA,NA,36,36109,NA,NA,51,46,1,NA,NA,1,NA,NA,NA,NA,4,5.341509819030762,NA,NA
1,1,2020,NA,NA,NA,36,36109,NA,NA,51,42,1,NA,NA,1,NA,NA,NA,NA,4,23.931400299072266,NA,NA
1,1,2020,NA,NA,NA,36,36109,NA,NA,51,41,1,NA,NA,1,NA,NA,NA,NA,4,0.8461340069770813,NA,NA
1,1,2020,NA,NA,NA,36,36109,NA,NA,43,47,1,NA,NA,1,NA,NA,NA,NA,4,0.8345149755477905,NA,NA
1,1,2020,NA,NA,NA,36,36109,NA,NA,43,46,1,NA,NA,1,NA,NA,NA,NA,4,109.46600341796875,NA,NA
1,1,2020,NA,NA,NA,36,36109,NA,NA,43,42,1,NA,NA,1,NA,NA,NA,NA,4,143.44700622558594,NA,NA
1,1,2020,NA,NA,NA,36,36109,NA,NA,43,41,1,NA,NA,1,NA,NA,NA,NA,4,0.19579599797725677,NA,NA
1,1,2020,NA,NA,NA,36,36109,NA,NA,42,47,1,NA,NA,1,NA,NA,NA,NA,4,1.2774499654769897,NA,NA
1,1,2020,NA,NA,NA,36,36109,NA,NA,42,46,1,NA,NA,1,NA,NA,NA,NA,4,0.707306981086731,NA,NA
1,1,2020,NA,NA,NA,36,36109,NA,NA,42,42,1,NA,NA,1,NA,NA,NA,NA,4,1141.3900146484375,NA,NA
1,1,2020,NA,NA,NA,36,36109,NA,NA,41,47,1,NA,NA,1,NA,NA,NA,NA,4,9.068209648132324,NA,NA
1,1,2020,NA,NA,NA,36,36109,NA,NA,41,46,1,NA,NA,1,NA,NA,NA,NA,4,4.410210132598877,NA,NA
1,1,2020,NA,NA,NA,36,36109,NA,NA,41,42,1,NA,NA,1,NA,NA,NA,NA,4,4350.58984375,NA,NA
1,1,2020,NA,NA,NA,36,36109,NA,NA,32,41,1,NA,NA,1,NA,NA,NA,NA,4,27639,NA,NA
1,1,2020,NA,NA,NA,36,36109,NA,NA,32,30,1,NA,NA,1,NA,NA,NA,NA,4,125349,NA,NA
1,1,2020,NA,NA,NA,36,36109,NA,NA,31,41,1,NA,NA,1,NA,NA,NA,NA,4,31868,NA,NA
1,1,2020,NA,NA,NA,36,36109,NA,NA,31,30,1,NA,NA,1,NA,NA,NA,NA,4,1465680,NA,NA
1,1,2020,NA,NA,NA,36,36109,NA,NA,21,20,1,NA,NA,1,NA,NA,NA,NA,4,1128380,NA,NA
1,1,2020,NA,NA,NA,36,36109,NA,NA,11,10,1,NA,NA,1,NA,NA,NA,NA,4,0,NA,NA
1,1,2020,NA,NA,NA,36,36109,NA,NA,61,47,9,NA,NA,5,NA,NA,NA,NA,1,167.7969970703125,NA,NA
1,1,2020,NA,NA,NA,36,36109,NA,NA,53,47,9,NA,NA,5,NA,NA,NA,NA,1,60.20920181274414,NA,NA
1,1,2020,NA,NA,NA,36,36109,NA,NA,53,46,9,NA,NA,5,NA,NA,NA,NA,1,1.505679965019226,NA,NA
1,1,2020,NA,NA,NA,36,36109,NA,NA,53,42,9,NA,NA,5,NA,NA,NA,NA,1,9.686090469360352,NA,NA
1,1,2020,NA,NA,NA,36,36109,NA,NA,53,41,9,NA,NA,5,NA,NA,NA,NA,1,4.060510158538818,NA,NA
1,1,2020,NA,NA,NA,36,36109,NA,NA,52,47,9,NA,NA,5,NA,NA,NA,NA,1,811.09100341796875,NA,NA
1,1,2020,NA,NA,NA,36,36109,NA,NA,52,46,9,NA,NA,5,NA,NA,NA,NA,1,20.252300262451172,NA,NA
1,1,2020,NA,NA,NA,36,36109,NA,NA,52,42,9,NA,NA,5,NA,NA,NA,NA,1,130.6179962158203,NA,NA
1,1,2020,NA,NA,NA,36,36109,NA,NA,52,41,9,NA,NA,5,NA,NA,NA,NA,1,59.75910186767578,NA,NA
1,1,2020,NA,NA,NA,36,36109,NA,NA,51,47,9,NA,NA,5,NA,NA,NA,NA,1,24.55769920349121,NA,NA
1,1,2020,NA,NA,NA,36,36109,NA,NA,43,47,9,NA,NA,5,NA,NA,NA,NA,1,85.36530303955078,NA,NA
1,1,2020,NA,NA,NA,36,36109,NA,NA,43,46,9,NA,NA,5,NA,NA,NA,NA,1,117.3949966430664,NA,NA
1,1,2020,NA,NA,NA,36,36109,NA,NA,42,48,9,NA,NA,5,NA,NA,NA,NA,1,2460.60009765625,NA,NA
1,1,2020,NA,NA,NA,36,36109,NA,NA,41,47,9,NA,NA,5,NA,NA,NA,NA,1,5490.5400390625,NA,NA
1,1,2020,NA,NA,NA,36,36109,NA,NA,32,30,9,NA,NA,5,NA,NA,NA,NA,1,12770,NA,NA
1,1,2020,NA,NA,NA,36,36109,NA,NA,31,30,9,NA,NA,5,NA,NA,NA,NA,1,76690.5,NA,NA
1,1,2020,NA,NA,NA,36,36109,NA,NA,21,20,9,NA,NA,5,NA,NA,NA,NA,1,800751,NA,NA
1,1,2020,NA,NA,NA,36,36109,NA,NA,32,30,5,NA,NA,5,NA,NA,NA,NA,1,43109.8984375,NA,NA
1,1,2020,NA,NA,NA,36,36109,NA,NA,31,30,5,NA,NA,5,NA,NA,NA,NA,1,206215,NA,NA
1,1,2020,NA,NA,NA,36,36109,NA,NA,21,20,5,NA,NA,5,NA,NA,NA,NA,1,53018.30078125,NA,NA
1,1,2020,NA,NA,NA,36,36109,NA,NA,62,47,3,NA,NA,5,NA,NA,NA,NA,1,22376.900390625,NA,NA
1,1,2020,NA,NA,NA,36,36109,NA,NA,61,47,3,NA,NA,5,NA,NA,NA,NA,1,11472.7998046875,NA,NA
1,1,2020,NA,NA,NA,36,36109,NA,NA,54,47,3,NA,NA,5,NA,NA,NA,NA,1,0.9717199802398682,NA,NA
1,1,2020,NA,NA,NA,36,36109,NA,NA,53,47,3,NA,NA,5,NA,NA,NA,NA,1,2521.47998046875,NA,NA
1,1,2020,NA,NA,NA,36,36109,NA,NA,52,47,3,NA,NA,5,NA,NA,NA,NA,1,34841.8984375,NA,NA
1,1,2020,NA,NA,NA,36,36109,NA,NA,51,47,3,NA,NA,5,NA,NA,NA,NA,1,6149.009765625,NA,NA
1,1,2020,NA,NA,NA,36,36109,NA,NA,43,47,3,NA,NA,5,NA,NA,NA,NA,1,2124.169921875,NA,NA
1,1,2020,NA,NA,NA,36,36109,NA,NA,42,48,3,NA,NA,5,NA,NA,NA,NA,1,21154.19921875,NA,NA
1,1,2020,NA,NA,NA,36,36109,NA,NA,41,47,3,NA,NA,5,NA,NA,NA,NA,1,56118.8984375,NA,NA
1,1,2020,NA,NA,NA,36,36109,NA,NA,62,49,2,NA,NA,5,NA,NA,NA,NA,1,112944,NA,NA
1,1,2020,NA,NA,NA,36,36109,NA,NA,62,47,2,NA,NA,5,NA,NA,NA,NA,1,4148430,NA,NA
1,1,2020,NA,NA,NA,36,36109,NA,NA,62,46,2,NA,NA,5,NA,NA,NA,NA,1,88531.6015625,NA,NA
1,1,2020,NA,NA,NA,36,36109,NA,NA,61,49,2,NA,NA,5,NA,NA,NA,NA,1,61276.6015625,NA,NA
1,1,2020,NA,NA,NA,36,36109,NA,NA,61,47,2,NA,NA,5,NA,NA,NA,NA,1,1257960,NA,NA
1,1,2020,NA,NA,NA,36,36109,NA,NA,61,46,2,NA,NA,5,NA,NA,NA,NA,1,381197,NA,NA
1,1,2020,NA,NA,NA,36,36109,NA,NA,54,47,2,NA,NA,5,NA,NA,NA,NA,1,24354.400390625,NA,NA
1,1,2020,NA,NA,NA,36,36109,NA,NA,54,46,2,NA,NA,5,NA,NA,NA,NA,1,55052.80078125,NA,NA
1,1,2020,NA,NA,NA,36,36109,NA,NA,54,42,2,NA,NA,5,NA,NA,NA,NA,1,3844.889892578125,NA,NA
1,1,2020,NA,NA,NA,36,36109,NA,NA,54,41,2,NA,NA,5,NA,NA,NA,NA,1,15315.2001953125,NA,NA
1,1,2020,NA,NA,NA,36,36109,NA,NA,53,47,2,NA,NA,5,NA,NA,NA,NA,1,40674.69921875,NA,NA
1,1,2020,NA,NA,NA,36,36109,NA,NA,53,46,2,NA,NA,5,NA,NA,NA,NA,1,58402.1015625,NA,NA
1,1,2020,NA,NA,NA,36,36109,NA,NA,53,42,2,NA,NA,5,NA,NA,NA,NA,1,76916.1015625,NA,NA
1,1,2020,NA,NA,NA,36,36109,NA,NA,53,41,2,NA,NA,5,NA,NA,NA,NA,1,160645,NA,NA
1,1,2020,NA,NA,NA,36,36109,NA,NA,52,47,2,NA,NA,5,NA,NA,NA,NA,1,591880,NA,NA
1,1,2020,NA,NA,NA,36,36109,NA,NA,52,46,2,NA,NA,5,NA,NA,NA,NA,1,849614,NA,NA
1,1,2020,NA,NA,NA,36,36109,NA,NA,52,42,2,NA,NA,5,NA,NA,NA,NA,1,1113760,NA,NA
1,1,2020,NA,NA,NA,36,36109,NA,NA,52,41,2,NA,NA,5,NA,NA,NA,NA,1,2219830,NA,NA
1,1,2020,NA,NA,NA,36,36109,NA,NA,51,47,2,NA,NA,5,NA,NA,NA,NA,1,53403.1015625,NA,NA
1,1,2020,NA,NA,NA,36,36109,NA,NA,51,46,2,NA,NA,5,NA,NA,NA,NA,1,14185.599609375,NA,NA
1,1,2020,NA,NA,NA,36,36109,NA,NA,51,42,2,NA,NA,5,NA,NA,NA,NA,1,46.22100067138672,NA,NA
1,1,2020,NA,NA,NA,36,36109,NA,NA,43,47,2,NA,NA,5,NA,NA,NA,NA,1,13943.900390625,NA,NA
1,1,2020,NA,NA,NA,36,36109,NA,NA,43,46,2,NA,NA,5,NA,NA,NA,NA,1,235923,NA,NA
1,1,2020,NA,NA,NA,36,36109,NA,NA,43,42,2,NA,NA,5,NA,NA,NA,NA,1,4019.489990234375,NA,NA
1,1,2020,NA,NA,NA,36,36109,NA,NA,43,41,2,NA,NA,5,NA,NA,NA,NA,1,201.25399780273438,NA,NA
1,1,2020,NA,NA,NA,36,36109,NA,NA,42,48,2,NA,NA,5,NA,NA,NA,NA,1,124343,NA,NA
1,1,2020,NA,NA,NA,36,36109,NA,NA,42,46,2,NA,NA,5,NA,NA,NA,NA,1,5257.18994140625,NA,NA
1,1,2020,NA,NA,NA,36,36109,NA,NA,42,42,2,NA,NA,5,NA,NA,NA,NA,1,9403.8798828125,NA,NA
1,1,2020,NA,NA,NA,36,36109,NA,NA,41,47,2,NA,NA,5,NA,NA,NA,NA,1,367485,NA,NA
1,1,2020,NA,NA,NA,36,36109,NA,NA,41,46,2,NA,NA,5,NA,NA,NA,NA,1,18230.19921875,NA,NA
1,1,2020,NA,NA,NA,36,36109,NA,NA,41,42,2,NA,NA,5,NA,NA,NA,NA,1,35076.6015625,NA,NA
1,1,2020,NA,NA,NA,36,36109,NA,NA,32,41,2,NA,NA,5,NA,NA,NA,NA,1,741183,NA,NA
1,1,2020,NA,NA,NA,36,36109,NA,NA,32,30,2,NA,NA,5,NA,NA,NA,NA,1,58497.1015625,NA,NA
1,1,2020,NA,NA,NA,36,36109,NA,NA,31,41,2,NA,NA,5,NA,NA,NA,NA,1,2378790,NA,NA
1,1,2020,NA,NA,NA,36,36109,NA,NA,31,30,2,NA,NA,5,NA,NA,NA,NA,1,406852,NA,NA
1,1,2020,NA,NA,NA,36,36109,NA,NA,21,20,2,NA,NA,5,NA,NA,NA,NA,1,513312,NA,NA
1,1,2020,NA,NA,NA,36,36109,NA,NA,61,47,1,NA,NA,5,NA,NA,NA,NA,1,6.037149906158447,NA,NA
1,1,2020,NA,NA,NA,36,36109,NA,NA,61,46,1,NA,NA,5,NA,NA,NA,NA,1,22.593399047851562,NA,NA
1,1,2020,NA,NA,NA,36,36109,NA,NA,54,47,1,NA,NA,5,NA,NA,NA,NA,1,15.859199523925781,NA,NA
1,1,2020,NA,NA,NA,36,36109,NA,NA,54,46,1,NA,NA,5,NA,NA,NA,NA,1,62585.6015625,NA,NA
1,1,2020,NA,NA,NA,36,36109,NA,NA,54,42,1,NA,NA,5,NA,NA,NA,NA,1,100376,NA,NA
1,1,2020,NA,NA,NA,36,36109,NA,NA,54,41,1,NA,NA,5,NA,NA,NA,NA,1,12715.7001953125,NA,NA
1,1,2020,NA,NA,NA,36,36109,NA,NA,53,47,1,NA,NA,5,NA,NA,NA,NA,1,12.3774995803833,NA,NA
1,1,2020,NA,NA,NA,36,36109,NA,NA,53,46,1,NA,NA,5,NA,NA,NA,NA,1,10463.599609375,NA,NA
1,1,2020,NA,NA,NA,36,36109,NA,NA,53,42,1,NA,NA,5,NA,NA,NA,NA,1,44816.19921875,NA,NA
1,1,2020,NA,NA,NA,36,36109,NA,NA,53,41,1,NA,NA,5,NA,NA,NA,NA,1,76795.1015625,NA,NA
1,1,2020,NA,NA,NA,36,36109,NA,NA,52,47,1,NA,NA,5,NA,NA,NA,NA,1,221.11900329589844,NA,NA
1,1,2020,NA,NA,NA,36,36109,NA,NA,52,46,1,NA,NA,5,NA,NA,NA,NA,1,142429,NA,NA
1,1,2020,NA,NA,NA,36,36109,NA,NA,52,42,1,NA,NA,5,NA,NA,NA,NA,1,640060,NA,NA
1,1,2020,NA,NA,NA,36,36109,NA,NA,52,41,1,NA,NA,5,NA,NA,NA,NA,1,1083850,NA,NA
1,1,2020,NA,NA,NA,36,36109,NA,NA,51,47,1,NA,NA,5,NA,NA,NA,NA,1,9.203310012817383,NA,NA
1,1,2020,NA,NA,NA,36,36109,NA,NA,51,46,1,NA,NA,5,NA,NA,NA,NA,1,85.80259704589844,NA,NA
1,1,2020,NA,NA,NA,36,36109,NA,NA,51,42,1,NA,NA,5,NA,NA,NA,NA,1,384.4200134277344,NA,NA
1,1,2020,NA,NA,NA,36,36109,NA,NA,51,41,1,NA,NA,5,NA,NA,NA,NA,1,13.59179973602295,NA,NA
1,1,2020,NA,NA,NA,36,36109,NA,NA,43,47,1,NA,NA,5,NA,NA,NA,NA,1,54.53739929199219,NA,NA
1,1,2020,NA,NA,NA,36,36109,NA,NA,43,46,1,NA,NA,5,NA,NA,NA,NA,1,7153.85986328125,NA,NA
1,1,2020,NA,NA,NA,36,36109,NA,NA,43,42,1,NA,NA,5,NA,NA,NA,NA,1,9374.5595703125,NA,NA
1,1,2020,NA,NA,NA,36,36109,NA,NA,43,41,1,NA,NA,5,NA,NA,NA,NA,1,12.795700073242188,NA,NA
1,1,2020,NA,NA,NA,36,36109,NA,NA,42,47,1,NA,NA,5,NA,NA,NA,NA,1,53.35649871826172,NA,NA
1,1,2020,NA,NA,NA,36,36109,NA,NA,42,46,1,NA,NA,5,NA,NA,NA,NA,1,29.542699813842773,NA,NA
1,1,2020,NA,NA,NA,36,36109,NA,NA,42,42,1,NA,NA,5,NA,NA,NA,NA,1,47673.5,NA,NA
1,1,2020,NA,NA,NA,36,36109,NA,NA,41,47,1,NA,NA,5,NA,NA,NA,NA,1,249.18600463867188,NA,NA
1,1,2020,NA,NA,NA,36,36109,NA,NA,41,46,1,NA,NA,5,NA,NA,NA,NA,1,121.18900299072266,NA,NA
1,1,2020,NA,NA,NA,36,36109,NA,NA,41,42,1,NA,NA,5,NA,NA,NA,NA,1,119550,NA,NA
1,1,2020,NA,NA,NA,36,36109,NA,NA,32,41,1,NA,NA,5,NA,NA,NA,NA,1,2216400,NA,NA
1,1,2020,NA,NA,NA,36,36109,NA,NA,32,30,1,NA,NA,5,NA,NA,NA,NA,1,10051900,NA,NA
1,1,2020,NA,NA,NA,36,36109,NA,NA,31,41,1,NA,NA,5,NA,NA,NA,NA,1,2078150,NA,NA
1,1,2020,NA,NA,NA,36,36109,NA,NA,31,30,1,NA,NA,5,NA,NA,NA,NA,1,95578800,NA,NA
1,1,2020,NA,NA,NA,36,36109,NA,NA,21,20,1,NA,NA,5,NA,NA,NA,NA,1,91416304,NA,NA
1,1,2020,NA,NA,NA,36,36109,NA,NA,11,10,1,NA,NA,5,NA,NA,NA,NA,1,1501380,NA,NA
1,1,2020,NA,NA,NA,36,36109,NA,NA,61,47,9,NA,NA,4,NA,NA,NA,NA,1,46.891700744628906,NA,NA
1,1,2020,NA,NA,NA,36,36109,NA,NA,53,47,9,NA,NA,4,NA,NA,NA,NA,1,10.900099754333496,NA,NA
1,1,2020,NA,NA,NA,36,36109,NA,NA,53,46,9,NA,NA,4,NA,NA,NA,NA,1,0.27258598804473877,NA,NA
1,1,2020,NA,NA,NA,36,36109,NA,NA,53,42,9,NA,NA,4,NA,NA,NA,NA,1,1.7535500526428223,NA,NA
1,1,2020,NA,NA,NA,36,36109,NA,NA,53,41,9,NA,NA,4,NA,NA,NA,NA,1,0.7351059913635254,NA,NA
1,1,2020,NA,NA,NA,36,36109,NA,NA,52,47,9,NA,NA,4,NA,NA,NA,NA,1,160.9929962158203,NA,NA
1,1,2020,NA,NA,NA,36,36109,NA,NA,52,46,9,NA,NA,4,NA,NA,NA,NA,1,4.0198798179626465,NA,NA
1,1,2020,NA,NA,NA,36,36109,NA,NA,52,42,9,NA,NA,4,NA,NA,NA,NA,1,25.926300048828125,NA,NA
1,1,2020,NA,NA,NA,36,36109,NA,NA,52,41,9,NA,NA,4,NA,NA,NA,NA,1,11.861599922180176,NA,NA
1,1,2020,NA,NA,NA,36,36109,NA,NA,51,47,9,NA,NA,4,NA,NA,NA,NA,1,5.139289855957031,NA,NA
1,1,2020,NA,NA,NA,36,36109,NA,NA,43,47,9,NA,NA,4,NA,NA,NA,NA,1,13.511899948120117,NA,NA
1,1,2020,NA,NA,NA,36,36109,NA,NA,43,46,9,NA,NA,4,NA,NA,NA,NA,1,18.58169937133789,NA,NA
1,1,2020,NA,NA,NA,36,36109,NA,NA,42,48,9,NA,NA,4,NA,NA,NA,NA,1,481.4460144042969,NA,NA
1,1,2020,NA,NA,NA,36,36109,NA,NA,41,47,9,NA,NA,4,NA,NA,NA,NA,1,890.21697998046875,NA,NA
1,1,2020,NA,NA,NA,36,36109,NA,NA,32,30,9,NA,NA,4,NA,NA,NA,NA,1,2238.169921875,NA,NA
1,1,2020,NA,NA,NA,36,36109,NA,NA,31,30,9,NA,NA,4,NA,NA,NA,NA,1,11965.900390625,NA,NA
1,1,2020,NA,NA,NA,36,36109,NA,NA,21,20,9,NA,NA,4,NA,NA,NA,NA,1,133328,NA,NA
1,1,2020,NA,NA,NA,36,36109,NA,NA,32,30,5,NA,NA,4,NA,NA,NA,NA,1,7555.77978515625,NA,NA
1,1,2020,NA,NA,NA,36,36109,NA,NA,31,30,5,NA,NA,4,NA,NA,NA,NA,1,32175.30078125,NA,NA
1,1,2020,NA,NA,NA,36,36109,NA,NA,21,20,5,NA,NA,4,NA,NA,NA,NA,1,8827.7001953125,NA,NA
1,1,2020,NA,NA,NA,36,36109,NA,NA,62,47,3,NA,NA,4,NA,NA,NA,NA,1,10175.7998046875,NA,NA
1,1,2020,NA,NA,NA,36,36109,NA,NA,61,47,3,NA,NA,4,NA,NA,NA,NA,1,3206.139892578125,NA,NA
1,1,2020,NA,NA,NA,36,36109,NA,NA,54,47,3,NA,NA,4,NA,NA,NA,NA,1,0.17395399510860443,NA,NA
1,1,2020,NA,NA,NA,36,36109,NA,NA,53,47,3,NA,NA,4,NA,NA,NA,NA,1,456.4840087890625,NA,NA
1,1,2020,NA,NA,NA,36,36109,NA,NA,52,47,3,NA,NA,4,NA,NA,NA,NA,1,6915.759765625,NA,NA
1,1,2020,NA,NA,NA,36,36109,NA,NA,51,47,3,NA,NA,4,NA,NA,NA,NA,1,1286.8299560546875,NA,NA
1,1,2020,NA,NA,NA,36,36109,NA,NA,43,47,3,NA,NA,4,NA,NA,NA,NA,1,336.218994140625,NA,NA
1,1,2020,NA,NA,NA,36,36109,NA,NA,42,48,3,NA,NA,4,NA,NA,NA,NA,1,4139.06005859375,NA,NA
1,1,2020,NA,NA,NA,36,36109,NA,NA,41,47,3,NA,NA,4,NA,NA,NA,NA,1,9098.91015625,NA,NA
1,1,2020,NA,NA,NA,36,36109,NA,NA,62,49,2,NA,NA,4,NA,NA,NA,NA,1,51360.8984375,NA,NA
1,1,2020,NA,NA,NA,36,36109,NA,NA,62,47,2,NA,NA,4,NA,NA,NA,NA,1,1886480,NA,NA
1,1,2020,NA,NA,NA,36,36109,NA,NA,62,46,2,NA,NA,4,NA,NA,NA,NA,1,40259.3984375,NA,NA
1,1,2020,NA,NA,NA,36,36109,NA,NA,61,49,2,NA,NA,4,NA,NA,NA,NA,1,17124.099609375,NA,NA
1,1,2020,NA,NA,NA,36,36109,NA,NA,61,47,2,NA,NA,4,NA,NA,NA,NA,1,351544,NA,NA
1,1,2020,NA,NA,NA,36,36109,NA,NA,61,46,2,NA,NA,4,NA,NA,NA,NA,1,106527,NA,NA
1,1,2020,NA,NA,NA,36,36109,NA,NA,54,47,2,NA,NA,4,NA,NA,NA,NA,1,4359.85009765625,NA,NA
1,1,2020,NA,NA,NA,36,36109,NA,NA,54,46,2,NA,NA,4,NA,NA,NA,NA,1,9855.3798828125,NA,NA
1,1,2020,NA,NA,NA,36,36109,NA,NA,54,42,2,NA,NA,4,NA,NA,NA,NA,1,688.29901123046875,NA,NA
1,1,2020,NA,NA,NA,36,36109,NA,NA,54,41,2,NA,NA,4,NA,NA,NA,NA,1,2741.679931640625,NA,NA
1,1,2020,NA,NA,NA,36,36109,NA,NA,53,47,2,NA,NA,4,NA,NA,NA,NA,1,7363.669921875,NA,NA
1,1,2020,NA,NA,NA,36,36109,NA,NA,53,46,2,NA,NA,4,NA,NA,NA,NA,1,10573,NA,NA
1,1,2020,NA,NA,NA,36,36109,NA,NA,53,42,2,NA,NA,4,NA,NA,NA,NA,1,13924.7001953125,NA,NA
1,1,2020,NA,NA,NA,36,36109,NA,NA,53,41,2,NA,NA,4,NA,NA,NA,NA,1,29082.900390625,NA,NA
1,1,2020,NA,NA,NA,36,36109,NA,NA,52,47,2,NA,NA,4,NA,NA,NA,NA,1,117482,NA,NA
1,1,2020,NA,NA,NA,36,36109,NA,NA,52,46,2,NA,NA,4,NA,NA,NA,NA,1,168640,NA,NA
1,1,2020,NA,NA,NA,36,36109,NA,NA,52,42,2,NA,NA,4,NA,NA,NA,NA,1,221070,NA,NA
1,1,2020,NA,NA,NA,36,36109,NA,NA,52,41,2,NA,NA,4,NA,NA,NA,NA,1,440614,NA,NA
1,1,2020,NA,NA,NA,36,36109,NA,NA,51,47,2,NA,NA,4,NA,NA,NA,NA,1,11175.900390625,NA,NA
1,1,2020,NA,NA,NA,36,36109,NA,NA,51,46,2,NA,NA,4,NA,NA,NA,NA,1,2968.659912109375,NA,NA
1,1,2020,NA,NA,NA,36,36109,NA,NA,51,42,2,NA,NA,4,NA,NA,NA,NA,1,9.672849655151367,NA,NA
1,1,2020,NA,NA,NA,36,36109,NA,NA,43,47,2,NA,NA,4,NA,NA,NA,NA,1,2207.090087890625,NA,NA
1,1,2020,NA,NA,NA,36,36109,NA,NA,43,46,2,NA,NA,4,NA,NA,NA,NA,1,37342.6015625,NA,NA
1,1,2020,NA,NA,NA,36,36109,NA,NA,43,42,2,NA,NA,4,NA,NA,NA,NA,1,636.21697998046875,NA,NA
1,1,2020,NA,NA,NA,36,36109,NA,NA,43,41,2,NA,NA,4,NA,NA,NA,NA,1,31.854999542236328,NA,NA
1,1,2020,NA,NA,NA,36,36109,NA,NA,42,48,2,NA,NA,4,NA,NA,NA,NA,1,24329.19921875,NA,NA
1,1,2020,NA,NA,NA,36,36109,NA,NA,42,46,2,NA,NA,4,NA,NA,NA,NA,1,1028.6300048828125,NA,NA
1,1,2020,NA,NA,NA,36,36109,NA,NA,42,42,2,NA,NA,4,NA,NA,NA,NA,1,1839.97998046875,NA,NA
1,1,2020,NA,NA,NA,36,36109,NA,NA,41,47,2,NA,NA,4,NA,NA,NA,NA,1,59582.69921875,NA,NA
1,1,2020,NA,NA,NA,36,36109,NA,NA,41,46,2,NA,NA,4,NA,NA,NA,NA,1,2955.780029296875,NA,NA
1,1,2020,NA,NA,NA,36,36109,NA,NA,41,42,2,NA,NA,4,NA,NA,NA,NA,1,5687.18994140625,NA,NA
1,1,2020,NA,NA,NA,36,36109,NA,NA,32,41,2,NA,NA,4,NA,NA,NA,NA,1,129905,NA,NA
1,1,2020,NA,NA,NA,36,36109,NA,NA,32,30,2,NA,NA,4,NA,NA,NA,NA,1,10252.7001953125,NA,NA
1,1,2020,NA,NA,NA,36,36109,NA,NA,31,41,2,NA,NA,4,NA,NA,NA,NA,1,371157,NA,NA
1,1,2020,NA,NA,NA,36,36109,NA,NA,31,30,2,NA,NA,4,NA,NA,NA,NA,1,63480.30078125,NA,NA
1,1,2020,NA,NA,NA,36,36109,NA,NA,21,20,2,NA,NA,4,NA,NA,NA,NA,1,85468,NA,NA
1,1,2020,NA,NA,NA,36,36109,NA,NA,61,47,1,NA,NA,4,NA,NA,NA,NA,1,1.6871099472045898,NA,NA
1,1,2020,NA,NA,NA,36,36109,NA,NA,61,46,1,NA,NA,4,NA,NA,NA,NA,1,6.313839912414551,NA,NA
1,1,2020,NA,NA,NA,36,36109,NA,NA,54,47,1,NA,NA,4,NA,NA,NA,NA,1,2.8390700817108154,NA,NA
1,1,2020,NA,NA,NA,36,36109,NA,NA,54,46,1,NA,NA,4,NA,NA,NA,NA,1,11203.900390625,NA,NA
1,1,2020,NA,NA,NA,36,36109,NA,NA,54,42,1,NA,NA,4,NA,NA,NA,NA,1,17968.900390625,NA,NA
1,1,2020,NA,NA,NA,36,36109,NA,NA,54,41,1,NA,NA,4,NA,NA,NA,NA,1,2276.330078125,NA,NA
1,1,2020,NA,NA,NA,36,36109,NA,NA,53,47,1,NA,NA,4,NA,NA,NA,NA,1,2.2407898902893066,NA,NA
1,1,2020,NA,NA,NA,36,36109,NA,NA,53,46,1,NA,NA,4,NA,NA,NA,NA,1,1894.300048828125,NA,NA
1,1,2020,NA,NA,NA,36,36109,NA,NA,53,42,1,NA,NA,4,NA,NA,NA,NA,1,8113.43017578125,NA,NA
1,1,2020,NA,NA,NA,36,36109,NA,NA,53,41,1,NA,NA,4,NA,NA,NA,NA,1,13902.7998046875,NA,NA
1,1,2020,NA,NA,NA,36,36109,NA,NA,52,47,1,NA,NA,4,NA,NA,NA,NA,1,43.88990020751953,NA,NA
1,1,2020,NA,NA,NA,36,36109,NA,NA,52,46,1,NA,NA,4,NA,NA,NA,NA,1,28270.69921875,NA,NA
1,1,2020,NA,NA,NA,36,36109,NA,NA,52,42,1,NA,NA,4,NA,NA,NA,NA,1,127045,NA,NA
1,1,2020,NA,NA,NA,36,36109,NA,NA,52,41,1,NA,NA,4,NA,NA,NA,NA,1,215133,NA,NA
1,1,2020,NA,NA,NA,36,36109,NA,NA,51,47,1,NA,NA,4,NA,NA,NA,NA,1,1.926010012626648,NA,NA
1,1,2020,NA,NA,NA,36,36109,NA,NA,51,46,1,NA,NA,4,NA,NA,NA,NA,1,17.956199645996094,NA,NA
1,1,2020,NA,NA,NA,36,36109,NA,NA,51,42,1,NA,NA,4,NA,NA,NA,NA,1,80.44889831542969,NA,NA
1,1,2020,NA,NA,NA,36,36109,NA,NA,51,41,1,NA,NA,4,NA,NA,NA,NA,1,2.844399929046631,NA,NA
1,1,2020,NA,NA,NA,36,36109,NA,NA,43,47,1,NA,NA,4,NA,NA,NA,NA,1,8.632360458374023,NA,NA
1,1,2020,NA,NA,NA,36,36109,NA,NA,43,46,1,NA,NA,4,NA,NA,NA,NA,1,1132.3299560546875,NA,NA
1,1,2020,NA,NA,NA,36,36109,NA,NA,43,42,1,NA,NA,4,NA,NA,NA,NA,1,1483.8299560546875,NA,NA
1,1,2020,NA,NA,NA,36,36109,NA,NA,43,41,1,NA,NA,4,NA,NA,NA,NA,1,2.0253500938415527,NA,NA
1,1,2020,NA,NA,NA,36,36109,NA,NA,42,47,1,NA,NA,4,NA,NA,NA,NA,1,10.439800262451172,NA,NA
1,1,2020,NA,NA,NA,36,36109,NA,NA,42,46,1,NA,NA,4,NA,NA,NA,NA,1,5.780370235443115,NA,NA
1,1,2020,NA,NA,NA,36,36109,NA,NA,42,42,1,NA,NA,4,NA,NA,NA,NA,1,9327.8603515625,NA,NA
1,1,2020,NA,NA,NA,36,36109,NA,NA,41,47,1,NA,NA,4,NA,NA,NA,NA,1,40.402099609375,NA,NA
1,1,2020,NA,NA,NA,36,36109,NA,NA,41,46,1,NA,NA,4,NA,NA,NA,NA,1,19.649099349975586,NA,NA
1,1,2020,NA,NA,NA,36,36109,NA,NA,41,42,1,NA,NA,4,NA,NA,NA,NA,1,19383.5,NA,NA
1,1,2020,NA,NA,NA,36,36109,NA,NA,32,41,1,NA,NA,4,NA,NA,NA,NA,1,388464,NA,NA
1,1,2020,NA,NA,NA,36,36109,NA,NA,32,30,1,NA,NA,4,NA,NA,NA,NA,1,1761770,NA,NA
1,1,2020,NA,NA,NA,36,36109,NA,NA,31,41,1,NA,NA,4,NA,NA,NA,NA,1,324250,NA,NA
1,1,2020,NA,NA,NA,36,36109,NA,NA,31,30,1,NA,NA,4,NA,NA,NA,NA,1,14913000,NA,NA
1,1,2020,NA,NA,NA,36,36109,NA,NA,21,20,1,NA,NA,4,NA,NA,NA,NA,1,15221100,NA,NA
1,1,2020,NA,NA,NA,36,36109,NA,NA,11,10,1,NA,NA,4,NA,NA,NA,NA,1,192098,NA,NA
1,1,2020,NA,NA,NA,36,36109,NA,NA,61,47,9,NA,NA,3,NA,NA,NA,NA,1,570.5770263671875,NA,NA
1,1,2020,NA,NA,NA,36,36109,NA,NA,53,47,9,NA,NA,3,NA,NA,NA,NA,1,126.98699951171875,NA,NA
1,1,2020,NA,NA,NA,36,36109,NA,NA,53,46,9,NA,NA,3,NA,NA,NA,NA,1,3.175640106201172,NA,NA
1,1,2020,NA,NA,NA,36,36109,NA,NA,53,42,9,NA,NA,3,NA,NA,NA,NA,1,20.429000854492188,NA,NA
1,1,2020,NA,NA,NA,36,36109,NA,NA,53,41,9,NA,NA,3,NA,NA,NA,NA,1,8.564029693603516,NA,NA
1,1,2020,NA,NA,NA,36,36109,NA,NA,52,47,9,NA,NA,3,NA,NA,NA,NA,1,1821.8399658203125,NA,NA
1,1,2020,NA,NA,NA,36,36109,NA,NA,52,46,9,NA,NA,3,NA,NA,NA,NA,1,45.48979949951172,NA,NA
1,1,2020,NA,NA,NA,36,36109,NA,NA,52,42,9,NA,NA,3,NA,NA,NA,NA,1,293.38800048828125,NA,NA
1,1,2020,NA,NA,NA,36,36109,NA,NA,52,41,9,NA,NA,3,NA,NA,NA,NA,1,134.22900390625,NA,NA
1,1,2020,NA,NA,NA,36,36109,NA,NA,51,47,9,NA,NA,3,NA,NA,NA,NA,1,53.798301696777344,NA,NA
1,1,2020,NA,NA,NA,36,36109,NA,NA,43,47,9,NA,NA,3,NA,NA,NA,NA,1,175.83299255371094,NA,NA
1,1,2020,NA,NA,NA,36,36109,NA,NA,43,46,9,NA,NA,3,NA,NA,NA,NA,1,241.80799865722656,NA,NA
1,1,2020,NA,NA,NA,36,36109,NA,NA,42,48,9,NA,NA,3,NA,NA,NA,NA,1,3924.72998046875,NA,NA
1,1,2020,NA,NA,NA,36,36109,NA,NA,41,47,9,NA,NA,3,NA,NA,NA,NA,1,8965.5302734375,NA,NA
1,1,2020,NA,NA,NA,36,36109,NA,NA,32,30,9,NA,NA,3,NA,NA,NA,NA,1,16855.599609375,NA,NA
1,1,2020,NA,NA,NA,36,36109,NA,NA,31,30,9,NA,NA,3,NA,NA,NA,NA,1,129361,NA,NA
1,1,2020,NA,NA,NA,36,36109,NA,NA,21,20,9,NA,NA,3,NA,NA,NA,NA,1,954797,NA,NA
1,1,2020,NA,NA,NA,36,36109,NA,NA,32,30,5,NA,NA,3,NA,NA,NA,NA,1,56902.5,NA,NA
1,1,2020,NA,NA,NA,36,36109,NA,NA,31,30,5,NA,NA,3,NA,NA,NA,NA,1,347841,NA,NA
1,1,2020,NA,NA,NA,36,36109,NA,NA,21,20,5,NA,NA,3,NA,NA,NA,NA,1,63217.69921875,NA,NA
1,1,2020,NA,NA,NA,36,36109,NA,NA,62,47,3,NA,NA,3,NA,NA,NA,NA,1,86689.6015625,NA,NA
1,1,2020,NA,NA,NA,36,36109,NA,NA,61,47,3,NA,NA,3,NA,NA,NA,NA,1,39012.19921875,NA,NA
1,1,2020,NA,NA,NA,36,36109,NA,NA,54,47,3,NA,NA,3,NA,NA,NA,NA,1,2.2176899909973145,NA,NA
1,1,2020,NA,NA,NA,36,36109,NA,NA,53,47,3,NA,NA,3,NA,NA,NA,NA,1,5318.080078125,NA,NA
1,1,2020,NA,NA,NA,36,36109,NA,NA,52,47,3,NA,NA,3,NA,NA,NA,NA,1,78260.5,NA,NA
1,1,2020,NA,NA,NA,36,36109,NA,NA,51,47,3,NA,NA,3,NA,NA,NA,NA,1,13470.599609375,NA,NA
1,1,2020,NA,NA,NA,36,36109,NA,NA,43,47,3,NA,NA,3,NA,NA,NA,NA,1,4375.31005859375,NA,NA
1,1,2020,NA,NA,NA,36,36109,NA,NA,42,48,3,NA,NA,3,NA,NA,NA,NA,1,33741.6015625,NA,NA
1,1,2020,NA,NA,NA,36,36109,NA,NA,41,47,3,NA,NA,3,NA,NA,NA,NA,1,91636.796875,NA,NA
1,1,2020,NA,NA,NA,36,36109,NA,NA,62,49,2,NA,NA,3,NA,NA,NA,NA,1,437553,NA,NA
1,1,2020,NA,NA,NA,36,36109,NA,NA,62,47,2,NA,NA,3,NA,NA,NA,NA,1,16071300,NA,NA
1,1,2020,NA,NA,NA,36,36109,NA,NA,62,46,2,NA,NA,3,NA,NA,NA,NA,1,342978,NA,NA
1,1,2020,NA,NA,NA,36,36109,NA,NA,61,49,2,NA,NA,3,NA,NA,NA,NA,1,208365,NA,NA
1,1,2020,NA,NA,NA,36,36109,NA,NA,61,47,2,NA,NA,3,NA,NA,NA,NA,1,4277580,NA,NA
1,1,2020,NA,NA,NA,36,36109,NA,NA,61,46,2,NA,NA,3,NA,NA,NA,NA,1,1296220,NA,NA
1,1,2020,NA,NA,NA,36,36109,NA,NA,54,47,2,NA,NA,3,NA,NA,NA,NA,1,55582.6015625,NA,NA
1,1,2020,NA,NA,NA,36,36109,NA,NA,54,46,2,NA,NA,3,NA,NA,NA,NA,1,125644,NA,NA
1,1,2020,NA,NA,NA,36,36109,NA,NA,54,42,2,NA,NA,3,NA,NA,NA,NA,1,8774.9501953125,NA,NA
1,1,2020,NA,NA,NA,36,36109,NA,NA,54,41,2,NA,NA,3,NA,NA,NA,NA,1,34953,NA,NA
1,1,2020,NA,NA,NA,36,36109,NA,NA,53,47,2,NA,NA,3,NA,NA,NA,NA,1,85787.296875,NA,NA
1,1,2020,NA,NA,NA,36,36109,NA,NA,53,46,2,NA,NA,3,NA,NA,NA,NA,1,123176,NA,NA
1,1,2020,NA,NA,NA,36,36109,NA,NA,53,42,2,NA,NA,3,NA,NA,NA,NA,1,162224,NA,NA
1,1,2020,NA,NA,NA,36,36109,NA,NA,53,41,2,NA,NA,3,NA,NA,NA,NA,1,338818,NA,NA
1,1,2020,NA,NA,NA,36,36109,NA,NA,52,47,2,NA,NA,3,NA,NA,NA,NA,1,1329460,NA,NA
1,1,2020,NA,NA,NA,36,36109,NA,NA,52,46,2,NA,NA,3,NA,NA,NA,NA,1,1908370,NA,NA
1,1,2020,NA,NA,NA,36,36109,NA,NA,52,42,2,NA,NA,3,NA,NA,NA,NA,1,2501680,NA,NA
1,1,2020,NA,NA,NA,36,36109,NA,NA,52,41,2,NA,NA,3,NA,NA,NA,NA,1,4986100,NA,NA
1,1,2020,NA,NA,NA,36,36109,NA,NA,51,47,2,NA,NA,3,NA,NA,NA,NA,1,116989,NA,NA
1,1,2020,NA,NA,NA,36,36109,NA,NA,51,46,2,NA,NA,3,NA,NA,NA,NA,1,31076.099609375,NA,NA
1,1,2020,NA,NA,NA,36,36109,NA,NA,51,42,2,NA,NA,3,NA,NA,NA,NA,1,101.25599670410156,NA,NA
1,1,2020,NA,NA,NA,36,36109,NA,NA,43,47,2,NA,NA,3,NA,NA,NA,NA,1,28721.400390625,NA,NA
1,1,2020,NA,NA,NA,36,36109,NA,NA,43,46,2,NA,NA,3,NA,NA,NA,NA,1,485949,NA,NA
1,1,2020,NA,NA,NA,36,36109,NA,NA,43,42,2,NA,NA,3,NA,NA,NA,NA,1,8279.259765625,NA,NA
1,1,2020,NA,NA,NA,36,36109,NA,NA,43,41,2,NA,NA,3,NA,NA,NA,NA,1,414.5369873046875,NA,NA
1,1,2020,NA,NA,NA,36,36109,NA,NA,42,48,2,NA,NA,3,NA,NA,NA,NA,1,198331,NA,NA
1,1,2020,NA,NA,NA,36,36109,NA,NA,42,46,2,NA,NA,3,NA,NA,NA,NA,1,8385.3701171875,NA,NA
1,1,2020,NA,NA,NA,36,36109,NA,NA,42,42,2,NA,NA,3,NA,NA,NA,NA,1,14999.5,NA,NA
1,1,2020,NA,NA,NA,36,36109,NA,NA,41,47,2,NA,NA,3,NA,NA,NA,NA,1,600068,NA,NA
1,1,2020,NA,NA,NA,36,36109,NA,NA,41,46,2,NA,NA,3,NA,NA,NA,NA,1,29768.19921875,NA,NA
1,1,2020,NA,NA,NA,36,36109,NA,NA,41,42,2,NA,NA,3,NA,NA,NA,NA,1,57276.69921875,NA,NA
1,1,2020,NA,NA,NA,36,36109,NA,NA,32,41,2,NA,NA,3,NA,NA,NA,NA,1,978315,NA,NA
1,1,2020,NA,NA,NA,36,36109,NA,NA,32,30,2,NA,NA,3,NA,NA,NA,NA,1,77212.5,NA,NA
1,1,2020,NA,NA,NA,36,36109,NA,NA,31,41,2,NA,NA,3,NA,NA,NA,NA,1,4012510,NA,NA
1,1,2020,NA,NA,NA,36,36109,NA,NA,31,30,2,NA,NA,3,NA,NA,NA,NA,1,686273,NA,NA
1,1,2020,NA,NA,NA,36,36109,NA,NA,21,20,2,NA,NA,3,NA,NA,NA,NA,1,612061,NA,NA
1,1,2020,NA,NA,NA,36,36109,NA,NA,61,47,1,NA,NA,3,NA,NA,NA,NA,1,20.528799057006836,NA,NA
1,1,2020,NA,NA,NA,36,36109,NA,NA,61,46,1,NA,NA,3,NA,NA,NA,NA,1,76.82689666748047,NA,NA
1,1,2020,NA,NA,NA,36,36109,NA,NA,54,47,1,NA,NA,3,NA,NA,NA,NA,1,36.194698333740234,NA,NA
1,1,2020,NA,NA,NA,36,36109,NA,NA,54,46,1,NA,NA,3,NA,NA,NA,NA,1,142835,NA,NA
1,1,2020,NA,NA,NA,36,36109,NA,NA,54,42,1,NA,NA,3,NA,NA,NA,NA,1,229081,NA,NA
1,1,2020,NA,NA,NA,36,36109,NA,NA,54,41,1,NA,NA,3,NA,NA,NA,NA,1,29020.30078125,NA,NA
1,1,2020,NA,NA,NA,36,36109,NA,NA,53,47,1,NA,NA,3,NA,NA,NA,NA,1,26.10540008544922,NA,NA
1,1,2020,NA,NA,NA,36,36109,NA,NA,53,46,1,NA,NA,3,NA,NA,NA,NA,1,22068.80078125,NA,NA
1,1,2020,NA,NA,NA,36,36109,NA,NA,53,42,1,NA,NA,3,NA,NA,NA,NA,1,94522,NA,NA
1,1,2020,NA,NA,NA,36,36109,NA,NA,53,41,1,NA,NA,3,NA,NA,NA,NA,1,161969,NA,NA
1,1,2020,NA,NA,NA,36,36109,NA,NA,52,47,1,NA,NA,3,NA,NA,NA,NA,1,496.66900634765625,NA,NA
1,1,2020,NA,NA,NA,36,36109,NA,NA,52,46,1,NA,NA,3,NA,NA,NA,NA,1,319919,NA,NA
1,1,2020,NA,NA,NA,36,36109,NA,NA,52,42,1,NA,NA,3,NA,NA,NA,NA,1,1437680,NA,NA
1,1,2020,NA,NA,NA,36,36109,NA,NA,52,41,1,NA,NA,3,NA,NA,NA,NA,1,2434500,NA,NA
1,1,2020,NA,NA,NA,36,36109,NA,NA,51,47,1,NA,NA,3,NA,NA,NA,NA,1,20.161500930786133,NA,NA
1,1,2020,NA,NA,NA,36,36109,NA,NA,51,46,1,NA,NA,3,NA,NA,NA,NA,1,187.96600341796875,NA,NA
1,1,2020,NA,NA,NA,36,36109,NA,NA,51,42,1,NA,NA,3,NA,NA,NA,NA,1,842.14398193359375,NA,NA
1,1,2020,NA,NA,NA,36,36109,NA,NA,51,41,1,NA,NA,3,NA,NA,NA,NA,1,29.775299072265625,NA,NA
1,1,2020,NA,NA,NA,36,36109,NA,NA,43,47,1,NA,NA,3,NA,NA,NA,NA,1,112.33499908447266,NA,NA
1,1,2020,NA,NA,NA,36,36109,NA,NA,43,46,1,NA,NA,3,NA,NA,NA,NA,1,14735.2998046875,NA,NA
1,1,2020,NA,NA,NA,36,36109,NA,NA,43,42,1,NA,NA,3,NA,NA,NA,NA,1,19309.5,NA,NA
1,1,2020,NA,NA,NA,36,36109,NA,NA,43,41,1,NA,NA,3,NA,NA,NA,NA,1,26.356300354003906,NA,NA
1,1,2020,NA,NA,NA,36,36109,NA,NA,42,47,1,NA,NA,3,NA,NA,NA,NA,1,85.1051025390625,NA,NA
1,1,2020,NA,NA,NA,36,36109,NA,NA,42,46,1,NA,NA,3,NA,NA,NA,NA,1,47.12139892578125,NA,NA
1,1,2020,NA,NA,NA,36,36109,NA,NA,42,42,1,NA,NA,3,NA,NA,NA,NA,1,76040.5,NA,NA
1,1,2020,NA,NA,NA,36,36109,NA,NA,41,47,1,NA,NA,3,NA,NA,NA,NA,1,406.89801025390625,NA,NA
1,1,2020,NA,NA,NA,36,36109,NA,NA,41,46,1,NA,NA,3,NA,NA,NA,NA,1,197.88999938964844,NA,NA
1,1,2020,NA,NA,NA,36,36109,NA,NA,41,42,1,NA,NA,3,NA,NA,NA,NA,1,195215,NA,NA
1,1,2020,NA,NA,NA,36,36109,NA,NA,32,41,1,NA,NA,3,NA,NA,NA,NA,1,2925520,NA,NA
1,1,2020,NA,NA,NA,36,36109,NA,NA,32,30,1,NA,NA,3,NA,NA,NA,NA,1,13267900,NA,NA
1,1,2020,NA,NA,NA,36,36109,NA,NA,31,41,1,NA,NA,3,NA,NA,NA,NA,1,3505400,NA,NA
1,1,2020,NA,NA,NA,36,36109,NA,NA,31,30,1,NA,NA,3,NA,NA,NA,NA,1,161220992,NA,NA
1,1,2020,NA,NA,NA,36,36109,NA,NA,21,20,1,NA,NA,3,NA,NA,NA,NA,1,109003000,NA,NA
1,1,2020,NA,NA,NA,36,36109,NA,NA,11,10,1,NA,NA,3,NA,NA,NA,NA,1,2351270,NA,NA
1,1,2020,NA,NA,NA,36,36109,NA,NA,61,47,9,NA,NA,2,NA,NA,NA,NA,1,0,NA,NA
1,1,2020,NA,NA,NA,36,36109,NA,NA,53,47,9,NA,NA,2,NA,NA,NA,NA,1,0,NA,NA
1,1,2020,NA,NA,NA,36,36109,NA,NA,53,46,9,NA,NA,2,NA,NA,NA,NA,1,0,NA,NA
1,1,2020,NA,NA,NA,36,36109,NA,NA,53,42,9,NA,NA,2,NA,NA,NA,NA,1,0,NA,NA
1,1,2020,NA,NA,NA,36,36109,NA,NA,53,41,9,NA,NA,2,NA,NA,NA,NA,1,0,NA,NA
1,1,2020,NA,NA,NA,36,36109,NA,NA,52,47,9,NA,NA,2,NA,NA,NA,NA,1,0,NA,NA
1,1,2020,NA,NA,NA,36,36109,NA,NA,52,46,9,NA,NA,2,NA,NA,NA,NA,1,0,NA,NA
1,1,2020,NA,NA,NA,36,36109,NA,NA,52,42,9,NA,NA,2,NA,NA,NA,NA,1,0,NA,NA
1,1,2020,NA,NA,NA,36,36109,NA,NA,52,41,9,NA,NA,2,NA,NA,NA,NA,1,0,NA,NA
1,1,2020,NA,NA,NA,36,36109,NA,NA,51,47,9,NA,NA,2,NA,NA,NA,NA,1,0,NA,NA
1,1,2020,NA,NA,NA,36,36109,NA,NA,43,47,9,NA,NA,2,NA,NA,NA,NA,1,0,NA,NA
1,1,2020,NA,NA,NA,36,36109,NA,NA,43,46,9,NA,NA,2,NA,NA,NA,NA,1,0,NA,NA
1,1,2020,NA,NA,NA,36,36109,NA,NA,42,48,9,NA,NA,2,NA,NA,NA,NA,1,0,NA,NA
1,1,2020,NA,NA,NA,36,36109,NA,NA,41,47,9,NA,NA,2,NA,NA,NA,NA,1,0,NA,NA
1,1,2020,NA,NA,NA,36,36109,NA,NA,32,30,9,NA,NA,2,NA,NA,NA,NA,1,0,NA,NA
1,1,2020,NA,NA,NA,36,36109,NA,NA,31,30,9,NA,NA,2,NA,NA,NA,NA,1,0,NA,NA
1,1,2020,NA,NA,NA,36,36109,NA,NA,21,20,9,NA,NA,2,NA,NA,NA,NA,1,0,NA,NA
1,1,2020,NA,NA,NA,36,36109,NA,NA,32,30,5,NA,NA,2,NA,NA,NA,NA,1,0,NA,NA
1,1,2020,NA,NA,NA,36,36109,NA,NA,31,30,5,NA,NA,2,NA,NA,NA,NA,1,0,NA,NA
1,1,2020,NA,NA,NA,36,36109,NA,NA,21,20,5,NA,NA,2,NA,NA,NA,NA,1,0,NA,NA
1,1,2020,NA,NA,NA,36,36109,NA,NA,62,47,3,NA,NA,2,NA,NA,NA,NA,1,0,NA,NA
1,1,2020,NA,NA,NA,36,36109,NA,NA,61,47,3,NA,NA,2,NA,NA,NA,NA,1,0,NA,NA
1,1,2020,NA,NA,NA,36,36109,NA,NA,54,47,3,NA,NA,2,NA,NA,NA,NA,1,0,NA,NA
1,1,2020,NA,NA,NA,36,36109,NA,NA,53,47,3,NA,NA,2,NA,NA,NA,NA,1,0,NA,NA
1,1,2020,NA,NA,NA,36,36109,NA,NA,52,47,3,NA,NA,2,NA,NA,NA,NA,1,0,NA,NA
1,1,2020,NA,NA,NA,36,36109,NA,NA,51,47,3,NA,NA,2,NA,NA,NA,NA,1,0,NA,NA
1,1,2020,NA,NA,NA,36,36109,NA,NA,43,47,3,NA,NA,2,NA,NA,NA,NA,1,0,NA,NA
1,1,2020,NA,NA,NA,36,36109,NA,NA,42,48,3,NA,NA,2,NA,NA,NA,NA,1,0,NA,NA
1,1,2020,NA,NA,NA,36,36109,NA,NA,41,47,3,NA,NA,2,NA,NA,NA,NA,1,0,NA,NA
1,1,2020,NA,NA,NA,36,36109,NA,NA,62,49,2,NA,NA,2,NA,NA,NA,NA,1,0,NA,NA
1,1,2020,NA,NA,NA,36,36109,NA,NA,62,47,2,NA,NA,2,NA,NA,NA,NA,1,0,NA,NA
1,1,2020,NA,NA,NA,36,36109,NA,NA,62,46,2,NA,NA,2,NA,NA,NA,NA,1,0,NA,NA
1,1,2020,NA,NA,NA,36,36109,NA,NA,61,49,2,NA,NA,2,NA,NA,NA,NA,1,0,NA,NA
1,1,2020,NA,NA,NA,36,36109,NA,NA,61,47,2,NA,NA,2,NA,NA,NA,NA,1,0,NA,NA
1,1,2020,NA,NA,NA,36,36109,NA,NA,61,46,2,NA,NA,2,NA,NA,NA,NA,1,0,NA,NA
1,1,2020,NA,NA,NA,36,36109,NA,NA,54,47,2,NA,NA,2,NA,NA,NA,NA,1,0,NA,NA
1,1,2020,NA,NA,NA,36,36109,NA,NA,54,46,2,NA,NA,2,NA,NA,NA,NA,1,0,NA,NA
1,1,2020,NA,NA,NA,36,36109,NA,NA,54,42,2,NA,NA,2,NA,NA,NA,NA,1,0,NA,NA
1,1,2020,NA,NA,NA,36,36109,NA,NA,54,41,2,NA,NA,2,NA,NA,NA,NA,1,0,NA,NA
1,1,2020,NA,NA,NA,36,36109,NA,NA,53,47,2,NA,NA,2,NA,NA,NA,NA,1,0,NA,NA
1,1,2020,NA,NA,NA,36,36109,NA,NA,53,46,2,NA,NA,2,NA,NA,NA,NA,1,0,NA,NA
1,1,2020,NA,NA,NA,36,36109,NA,NA,53,42,2,NA,NA,2,NA,NA,NA,NA,1,0,NA,NA
1,1,2020,NA,NA,NA,36,36109,NA,NA,53,41,2,NA,NA,2,NA,NA,NA,NA,1,0,NA,NA
1,1,2020,NA,NA,NA,36,36109,NA,NA,52,47,2,NA,NA,2,NA,NA,NA,NA,1,0,NA,NA
1,1,2020,NA,NA,NA,36,36109,NA,NA,52,46,2,NA,NA,2,NA,NA,NA,NA,1,0,NA,NA
1,1,2020,NA,NA,NA,36,36109,NA,NA,52,42,2,NA,NA,2,NA,NA,NA,NA,1,0,NA,NA
1,1,2020,NA,NA,NA,36,36109,NA,NA,52,41,2,NA,NA,2,NA,NA,NA,NA,1,0,NA,NA
1,1,2020,NA,NA,NA,36,36109,NA,NA,51,47,2,NA,NA,2,NA,NA,NA,NA,1,0,NA,NA
1,1,2020,NA,NA,NA,36,36109,NA,NA,51,46,2,NA,NA,2,NA,NA,NA,NA,1,0,NA,NA
1,1,2020,NA,NA,NA,36,36109,NA,NA,51,42,2,NA,NA,2,NA,NA,NA,NA,1,0,NA,NA
1,1,2020,NA,NA,NA,36,36109,NA,NA,43,47,2,NA,NA,2,NA,NA,NA,NA,1,0,NA,NA
1,1,2020,NA,NA,NA,36,36109,NA,NA,43,46,2,NA,NA,2,NA,NA,NA,NA,1,0,NA,NA
1,1,2020,NA,NA,NA,36,36109,NA,NA,43,42,2,NA,NA,2,NA,NA,NA,NA,1,0,NA,NA
1,1,2020,NA,NA,NA,36,36109,NA,NA,43,41,2,NA,NA,2,NA,NA,NA,NA,1,0,NA,NA
1,1,2020,NA,NA,NA,36,36109,NA,NA,42,48,2,NA,NA,2,NA,NA,NA,NA,1,0,NA,NA
1,1,2020,NA,NA,NA,36,36109,NA,NA,42,46,2,NA,NA,2,NA,NA,NA,NA,1,0,NA,NA
1,1,2020,NA,NA,NA,36,36109,NA,NA,42,42,2,NA,NA,2,NA,NA,NA,NA,1,0,NA,NA
1,1,2020,NA,NA,NA,36,36109,NA,NA,41,47,2,NA,NA,2,NA,NA,NA,NA,1,0,NA,NA
1,1,2020,NA,NA,NA,36,36109,NA,NA,41,46,2,NA,NA,2,NA,NA,NA,NA,1,0,NA,NA
1,1,2020,NA,NA,NA,36,36109,NA,NA,41,42,2,NA,NA,2,NA,NA,NA,NA,1,0,NA,NA
1,1,2020,NA,NA,NA,36,36109,NA,NA,32,41,2,NA,NA,2,NA,NA,NA,NA,1,0,NA,NA
1,1,2020,NA,NA,NA,36,36109,NA,NA,32,30,2,NA,NA,2,NA,NA,NA,NA,1,0,NA,NA
1,1,2020,NA,NA,NA,36,36109,NA,NA,31,41,2,NA,NA,2,NA,NA,NA,NA,1,0,NA,NA
1,1,2020,NA,NA,NA,36,36109,NA,NA,31,30,2,NA,NA,2,NA,NA,NA,NA,1,0,NA,NA
1,1,2020,NA,NA,NA,36,36109,NA,NA,21,20,2,NA,NA,2,NA,NA,NA,NA,1,0,NA,NA
1,1,2020,NA,NA,NA,36,36109,NA,NA,61,47,1,NA,NA,2,NA,NA,NA,NA,1,0,NA,NA
1,1,2020,NA,NA,NA,36,36109,NA,NA,61,46,1,NA,NA,2,NA,NA,NA,NA,1,0,NA,NA
1,1,2020,NA,NA,NA,36,36109,NA,NA,54,47,1,NA,NA,2,NA,NA,NA,NA,1,0,NA,NA
1,1,2020,NA,NA,NA,36,36109,NA,NA,54,46,1,NA,NA,2,NA,NA,NA,NA,1,0,NA,NA
1,1,2020,NA,NA,NA,36,36109,NA,NA,54,42,1,NA,NA,2,NA,NA,NA,NA,1,0,NA,NA
1,1,2020,NA,NA,NA,36,36109,NA,NA,54,41,1,NA,NA,2,NA,NA,NA,NA,1,0,NA,NA
1,1,2020,NA,NA,NA,36,36109,NA,NA,53,47,1,NA,NA,2,NA,NA,NA,NA,1,0,NA,NA
1,1,2020,NA,NA,NA,36,36109,NA,NA,53,46,1,NA,NA,2,NA,NA,NA,NA,1,0,NA,NA
1,1,2020,NA,NA,NA,36,36109,NA,NA,53,42,1,NA,NA,2,NA,NA,NA,NA,1,0,NA,NA
1,1,2020,NA,NA,NA,36,36109,NA,NA,53,41,1,NA,NA,2,NA,NA,NA,NA,1,0,NA,NA
1,1,2020,NA,NA,NA,36,36109,NA,NA,52,47,1,NA,NA,2,NA,NA,NA,NA,1,0,NA,NA
1,1,2020,NA,NA,NA,36,36109,NA,NA,52,46,1,NA,NA,2,NA,NA,NA,NA,1,0,NA,NA
1,1,2020,NA,NA,NA,36,36109,NA,NA,52,42,1,NA,NA,2,NA,NA,NA,NA,1,0,NA,NA
1,1,2020,NA,NA,NA,36,36109,NA,NA,52,41,1,NA,NA,2,NA,NA,NA,NA,1,0,NA,NA
1,1,2020,NA,NA,NA,36,36109,NA,NA,51,47,1,NA,NA,2,NA,NA,NA,NA,1,0,NA,NA
1,1,2020,NA,NA,NA,36,36109,NA,NA,51,46,1,NA,NA,2,NA,NA,NA,NA,1,0,NA,NA
1,1,2020,NA,NA,NA,36,36109,NA,NA,51,42,1,NA,NA,2,NA,NA,NA,NA,1,0,NA,NA
1,1,2020,NA,NA,NA,36,36109,NA,NA,51,41,1,NA,NA,2,NA,NA,NA,NA,1,0,NA,NA
1,1,2020,NA,NA,NA,36,36109,NA,NA,43,47,1,NA,NA,2,NA,NA,NA,NA,1,0,NA,NA
1,1,2020,NA,NA,NA,36,36109,NA,NA,43,46,1,NA,NA,2,NA,NA,NA,NA,1,0,NA,NA
1,1,2020,NA,NA,NA,36,36109,NA,NA,43,42,1,NA,NA,2,NA,NA,NA,NA,1,0,NA,NA
1,1,2020,NA,NA,NA,36,36109,NA,NA,43,41,1,NA,NA,2,NA,NA,NA,NA,1,0,NA,NA
1,1,2020,NA,NA,NA,36,36109,NA,NA,42,47,1,NA,NA,2,NA,NA,NA,NA,1,0,NA,NA
1,1,2020,NA,NA,NA,36,36109,NA,NA,42,46,1,NA,NA,2,NA,NA,NA,NA,1,0,NA,NA
1,1,2020,NA,NA,NA,36,36109,NA,NA,42,42,1,NA,NA,2,NA,NA,NA,NA,1,0,NA,NA
1,1,2020,NA,NA,NA,36,36109,NA,NA,41,47,1,NA,NA,2,NA,NA,NA,NA,1,0,NA,NA
1,1,2020,NA,NA,NA,36,36109,NA,NA,41,46,1,NA,NA,2,NA,NA,NA,NA,1,0,NA,NA
1,1,2020,NA,NA,NA,36,36109,NA,NA,41,42,1,NA,NA,2,NA,NA,NA,NA,1,0,NA,NA
1,1,2020,NA,NA,NA,36,36109,NA,NA,32,41,1,NA,NA,2,NA,NA,NA,NA,1,0,NA,NA
1,1,2020,NA,NA,NA,36,36109,NA,NA,32,30,1,NA,NA,2,NA,NA,NA,NA,1,0,NA,NA
1,1,2020,NA,NA,NA,36,36109,NA,NA,31,41,1,NA,NA,2,NA,NA,NA,NA,1,0,NA,NA
1,1,2020,NA,NA,NA,36,36109,NA,NA,31,30,1,NA,NA,2,NA,NA,NA,NA,1,0,NA,NA
1,1,2020,NA,NA,NA,36,36109,NA,NA,21,20,1,NA,NA,2,NA,NA,NA,NA,1,0,NA,NA
1,1,2020,NA,NA,NA,36,36109,NA,NA,11,10,1,NA,NA,2,NA,NA,NA,NA,1,0,NA,NA
